调度方案,,,,,,,,,,,,,,,,,,,,,,,,,,,,,,,,,,,,,,,,,,,,,,,,,,,,,,,,,,,,,,,,,,,,,,,,,,,,,,,,,,,,,,,,,,,,,,,,,,,
0,0,0,0,0,0,0,0,0,0,0,0,0,0,0,,,,,,,,,,,,,,,,,,,,,,,,,,,,,,,,,,,,,,,,,,,,,,,,,,,,,,,,,,,,,,,,,,,,,,,,,,,,,,,,,,,,,
0,0,0,0,0,0,0,0,0,0,0,0,0,0,0,,,,,,,,,,,,,,,,,,,,,,,,,,,,,,,,,,,,,,,,,,,,,,,,,,,,,,,,,,,,,,,,,,,,,,,,,,,,,,,,,,,,,
0,0,0,0,0,0,0,0,0,0,0,0,0,0,0,,,,,,,,,,,,,,,,,,,,,,,,,,,,,,,,,,,,,,,,,,,,,,,,,,,,,,,,,,,,,,,,,,,,,,,,,,,,,,,,,,,,,
0,0,0,0,0,0,0,0,0,0,0,0,0,0,0,,,,,,,,,,,,,,,,,,,,,,,,,,,,,,,,,,,,,,,,,,,,,,,,,,,,,,,,,,,,,,,,,,,,,,,,,,,,,,,,,,,,,
0,0,0,0,0,0,0,0,0,0,0,0,0,0,0,,,,,,,,,,,,,,,,,,,,,,,,,,,,,,,,,,,,,,,,,,,,,,,,,,,,,,,,,,,,,,,,,,,,,,,,,,,,,,,,,,,,,
0,0,0,0,0,0,0,0,0,0,0,0,0,0,0,,,,,,,,,,,,,,,,,,,,,,,,,,,,,,,,,,,,,,,,,,,,,,,,,,,,,,,,,,,,,,,,,,,,,,,,,,,,,,,,,,,,,
0,0,0,0,0,0,0,0,0,0,0,0,0,0,0,,,,,,,,,,,,,,,,,,,,,,,,,,,,,,,,,,,,,,,,,,,,,,,,,,,,,,,,,,,,,,,,,,,,,,,,,,,,,,,,,,,,,
0,0,0,0,0,0,0,0,0,0,0,0,0,0,0,,,,,,,,,,,,,,,,,,,,,,,,,,,,,,,,,,,,,,,,,,,,,,,,,,,,,,,,,,,,,,,,,,,,,,,,,,,,,,,,,,,,,
0,0,0,0,0,0,0,0,0,0,0,0,0,0,0,,,,,,,,,,,,,,,,,,,,,,,,,,,,,,,,,,,,,,,,,,,,,,,,,,,,,,,,,,,,,,,,,,,,,,,,,,,,,,,,,,,,,
0,0,0,0,0,0,0,0,0,0,0,0,0,0,0,,,,,,,,,,,,,,,,,,,,,,,,,,,,,,,,,,,,,,,,,,,,,,,,,,,,,,,,,,,,,,,,,,,,,,,,,,,,,,,,,,,,,
0,0,0,0,0,0,0,0,0,0,0,0,0,0,0,,,,,,,,,,,,,,,,,,,,,,,,,,,,,,,,,,,,,,,,,,,,,,,,,,,,,,,,,,,,,,,,,,,,,,,,,,,,,,,,,,,,,
0,0,0,0,0,0,0,0,0,0,0,0,0,0,0,,,,,,,,,,,,,,,,,,,,,,,,,,,,,,,,,,,,,,,,,,,,,,,,,,,,,,,,,,,,,,,,,,,,,,,,,,,,,,,,,,,,,
0,0,0,0,0,0,0,0,0,0,0,0,0,0,0,,,,,,,,,,,,,,,,,,,,,,,,,,,,,,,,,,,,,,,,,,,,,,,,,,,,,,,,,,,,,,,,,,,,,,,,,,,,,,,,,,,,,
0,0,0,0,0,0,0,0,0,0,0,0,0,0,0,,,,,,,,,,,,,,,,,,,,,,,,,,,,,,,,,,,,,,,,,,,,,,,,,,,,,,,,,,,,,,,,,,,,,,,,,,,,,,,,,,,,,
0,0,0,0,0,0,0,0,0,0,0,0,0,0,0,,,,,,,,,,,,,,,,,,,,,,,,,,,,,,,,,,,,,,,,,,,,,,,,,,,,,,,,,,,,,,,,,,,,,,,,,,,,,,,,,,,,,
0,0,0,0,0,0,0,0,0,0,0,0,0,0,0,,,,,,,,,,,,,,,,,,,,,,,,,,,,,,,,,,,,,,,,,,,,,,,,,,,,,,,,,,,,,,,,,,,,,,,,,,,,,,,,,,,,,
0,0,0,0,0,0,0,0,0,0,0,0,0,0,0,,,,,,,,,,,,,,,,,,,,,,,,,,,,,,,,,,,,,,,,,,,,,,,,,,,,,,,,,,,,,,,,,,,,,,,,,,,,,,,,,,,,,
0,0,0,0,0,0,0,0,0,0,0,0,0,0,0,,,,,,,,,,,,,,,,,,,,,,,,,,,,,,,,,,,,,,,,,,,,,,,,,,,,,,,,,,,,,,,,,,,,,,,,,,,,,,,,,,,,,
0,0,0,0,0,0,0,0,0,0,0,0,0,0,0,,,,,,,,,,,,,,,,,,,,,,,,,,,,,,,,,,,,,,,,,,,,,,,,,,,,,,,,,,,,,,,,,,,,,,,,,,,,,,,,,,,,,
0,0,0,0,0,0,0,0,0,0,0,0,0,0,0,,,,,,,,,,,,,,,,,,,,,,,,,,,,,,,,,,,,,,,,,,,,,,,,,,,,,,,,,,,,,,,,,,,,,,,,,,,,,,,,,,,,,
0,0,0,0,0,0,0,0,0,0,0,0,0,0,0,,,,,,,,,,,,,,,,,,,,,,,,,,,,,,,,,,,,,,,,,,,,,,,,,,,,,,,,,,,,,,,,,,,,,,,,,,,,,,,,,,,,,
0,0,0,0,0,0,0,0,0,0,0,0,0,0,0,,,,,,,,,,,,,,,,,,,,,,,,,,,,,,,,,,,,,,,,,,,,,,,,,,,,,,,,,,,,,,,,,,,,,,,,,,,,,,,,,,,,,
0,0,0,0,0,0,0,0,0,0,0,0,0,0,0,,,,,,,,,,,,,,,,,,,,,,,,,,,,,,,,,,,,,,,,,,,,,,,,,,,,,,,,,,,,,,,,,,,,,,,,,,,,,,,,,,,,,
0,0,0,0,0,0,0,0,0,0,0,0,0,0,0,,,,,,,,,,,,,,,,,,,,,,,,,,,,,,,,,,,,,,,,,,,,,,,,,,,,,,,,,,,,,,,,,,,,,,,,,,,,,,,,,,,,,
0,0,0,0,0,0,0,0,0,0,0,0,0,0,0,,,,,,,,,,,,,,,,,,,,,,,,,,,,,,,,,,,,,,,,,,,,,,,,,,,,,,,,,,,,,,,,,,,,,,,,,,,,,,,,,,,,,
0,0,0,0,0,0,0,0,0,0,0,0,0,0,0,,,,,,,,,,,,,,,,,,,,,,,,,,,,,,,,,,,,,,,,,,,,,,,,,,,,,,,,,,,,,,,,,,,,,,,,,,,,,,,,,,,,,
0,0,0,0,0,0,0,0,0,0,0,0,0,0,0,,,,,,,,,,,,,,,,,,,,,,,,,,,,,,,,,,,,,,,,,,,,,,,,,,,,,,,,,,,,,,,,,,,,,,,,,,,,,,,,,,,,,
0,0,0,0,0,0,0,0,0,0,0,0,0,0,0,,,,,,,,,,,,,,,,,,,,,,,,,,,,,,,,,,,,,,,,,,,,,,,,,,,,,,,,,,,,,,,,,,,,,,,,,,,,,,,,,,,,,
0,0,0,0,0,0,0,0,0,0,0,0,0,0,0,,,,,,,,,,,,,,,,,,,,,,,,,,,,,,,,,,,,,,,,,,,,,,,,,,,,,,,,,,,,,,,,,,,,,,,,,,,,,,,,,,,,,
0,0,0,0,0,0,0,0,0,0,0,0,0,0,0,,,,,,,,,,,,,,,,,,,,,,,,,,,,,,,,,,,,,,,,,,,,,,,,,,,,,,,,,,,,,,,,,,,,,,,,,,,,,,,,,,,,,
0,0,0,0,0,0,0,0,0,0,0,0,0,0,0,,,,,,,,,,,,,,,,,,,,,,,,,,,,,,,,,,,,,,,,,,,,,,,,,,,,,,,,,,,,,,,,,,,,,,,,,,,,,,,,,,,,,
0,0,0,0,0,0,0,0,0,0,0,0,0,0,0,,,,,,,,,,,,,,,,,,,,,,,,,,,,,,,,,,,,,,,,,,,,,,,,,,,,,,,,,,,,,,,,,,,,,,,,,,,,,,,,,,,,,
0,0,0,0,0,0,0,0,0,0,0,0,0,0,0,,,,,,,,,,,,,,,,,,,,,,,,,,,,,,,,,,,,,,,,,,,,,,,,,,,,,,,,,,,,,,,,,,,,,,,,,,,,,,,,,,,,,
0,0,0,0,0,0,0,0,0,0,0,0,0,0,0,,,,,,,,,,,,,,,,,,,,,,,,,,,,,,,,,,,,,,,,,,,,,,,,,,,,,,,,,,,,,,,,,,,,,,,,,,,,,,,,,,,,,
0,0,0,0,0,0,0,0,0,0,0,0,0,0,0,,,,,,,,,,,,,,,,,,,,,,,,,,,,,,,,,,,,,,,,,,,,,,,,,,,,,,,,,,,,,,,,,,,,,,,,,,,,,,,,,,,,,
0,0,0,0,0,0,0,0,0,0,0,0,0,0,0,,,,,,,,,,,,,,,,,,,,,,,,,,,,,,,,,,,,,,,,,,,,,,,,,,,,,,,,,,,,,,,,,,,,,,,,,,,,,,,,,,,,,
0,0,0,0,0,0,0,0,0,0,0,0,0,0,0,,,,,,,,,,,,,,,,,,,,,,,,,,,,,,,,,,,,,,,,,,,,,,,,,,,,,,,,,,,,,,,,,,,,,,,,,,,,,,,,,,,,,
0,0,0,0,0,0,0,0,0,0,0,0,0,0,0,,,,,,,,,,,,,,,,,,,,,,,,,,,,,,,,,,,,,,,,,,,,,,,,,,,,,,,,,,,,,,,,,,,,,,,,,,,,,,,,,,,,,
0,0,0,0,0,0,0,0,0,0,0,0,0,0,0,,,,,,,,,,,,,,,,,,,,,,,,,,,,,,,,,,,,,,,,,,,,,,,,,,,,,,,,,,,,,,,,,,,,,,,,,,,,,,,,,,,,,
0,0,0,0,0,0,0,0,0,0,0,0,0,0,0,,,,,,,,,,,,,,,,,,,,,,,,,,,,,,,,,,,,,,,,,,,,,,,,,,,,,,,,,,,,,,,,,,,,,,,,,,,,,,,,,,,,,
0,0,0,0,0,0,0,0,0,0,0,0,0,0,0,,,,,,,,,,,,,,,,,,,,,,,,,,,,,,,,,,,,,,,,,,,,,,,,,,,,,,,,,,,,,,,,,,,,,,,,,,,,,,,,,,,,,
0,0,0,0,0,0,0,0,0,0,0,0,0,0,0,,,,,,,,,,,,,,,,,,,,,,,,,,,,,,,,,,,,,,,,,,,,,,,,,,,,,,,,,,,,,,,,,,,,,,,,,,,,,,,,,,,,,
0,0,0,0,0,0,0,0,0,0,0,0,0,0,0,,,,,,,,,,,,,,,,,,,,,,,,,,,,,,,,,,,,,,,,,,,,,,,,,,,,,,,,,,,,,,,,,,,,,,,,,,,,,,,,,,,,,
0,0,0,0,0,0,0,0,0,0,0,0,0,0,0,,,,,,,,,,,,,,,,,,,,,,,,,,,,,,,,,,,,,,,,,,,,,,,,,,,,,,,,,,,,,,,,,,,,,,,,,,,,,,,,,,,,,
0,0,0,0,0,0,0,0,0,0,0,0,0,0,0,,,,,,,,,,,,,,,,,,,,,,,,,,,,,,,,,,,,,,,,,,,,,,,,,,,,,,,,,,,,,,,,,,,,,,,,,,,,,,,,,,,,,
0,0,0,0,0,0,0,0,0,0,0,0,0,0,0,,,,,,,,,,,,,,,,,,,,,,,,,,,,,,,,,,,,,,,,,,,,,,,,,,,,,,,,,,,,,,,,,,,,,,,,,,,,,,,,,,,,,
0,0,0,0,0,0,0,0,0,0,0,0,0,0,0,,,,,,,,,,,,,,,,,,,,,,,,,,,,,,,,,,,,,,,,,,,,,,,,,,,,,,,,,,,,,,,,,,,,,,,,,,,,,,,,,,,,,
0,0,0,0,0,0,0,0,0,0,0,0,0,0,0,,,,,,,,,,,,,,,,,,,,,,,,,,,,,,,,,,,,,,,,,,,,,,,,,,,,,,,,,,,,,,,,,,,,,,,,,,,,,,,,,,,,,
0,0,0,0,0,0,0,0,0,0,0,0,0,0,0,,,,,,,,,,,,,,,,,,,,,,,,,,,,,,,,,,,,,,,,,,,,,,,,,,,,,,,,,,,,,,,,,,,,,,,,,,,,,,,,,,,,,
0,0,0,0,0,0,0,0,0,0,0,0,0,0,0,,,,,,,,,,,,,,,,,,,,,,,,,,,,,,,,,,,,,,,,,,,,,,,,,,,,,,,,,,,,,,,,,,,,,,,,,,,,,,,,,,,,,
0,0,0,0,0,0,0,0,0,0,0,0,0,0,0,,,,,,,,,,,,,,,,,,,,,,,,,,,,,,,,,,,,,,,,,,,,,,,,,,,,,,,,,,,,,,,,,,,,,,,,,,,,,,,,,,,,,
0,0,0,0,0,0,0,0,0,0,0,0,0,0,0,,,,,,,,,,,,,,,,,,,,,,,,,,,,,,,,,,,,,,,,,,,,,,,,,,,,,,,,,,,,,,,,,,,,,,,,,,,,,,,,,,,,,
0,0,0,0,0,0,0,0,0,0,0,0,0,0,0,,,,,,,,,,,,,,,,,,,,,,,,,,,,,,,,,,,,,,,,,,,,,,,,,,,,,,,,,,,,,,,,,,,,,,,,,,,,,,,,,,,,,
0,0,0,0,0,0,0,0,0,0,0,0,0,0,0,,,,,,,,,,,,,,,,,,,,,,,,,,,,,,,,,,,,,,,,,,,,,,,,,,,,,,,,,,,,,,,,,,,,,,,,,,,,,,,,,,,,,
0,0,0,0,0,0,0,0,0,0,0,0,0,0,0,,,,,,,,,,,,,,,,,,,,,,,,,,,,,,,,,,,,,,,,,,,,,,,,,,,,,,,,,,,,,,,,,,,,,,,,,,,,,,,,,,,,,
0,0,0,0,0,0,0,0,0,0,0,0,0,0,0,,,,,,,,,,,,,,,,,,,,,,,,,,,,,,,,,,,,,,,,,,,,,,,,,,,,,,,,,,,,,,,,,,,,,,,,,,,,,,,,,,,,,
0,0,0,0,0,0,0,0,0,0,0,0,0,0,0,,,,,,,,,,,,,,,,,,,,,,,,,,,,,,,,,,,,,,,,,,,,,,,,,,,,,,,,,,,,,,,,,,,,,,,,,,,,,,,,,,,,,
0,0,0,0,0,0,0,0,0,0,0,0,0,0,0,,,,,,,,,,,,,,,,,,,,,,,,,,,,,,,,,,,,,,,,,,,,,,,,,,,,,,,,,,,,,,,,,,,,,,,,,,,,,,,,,,,,,
0,0,0,0,0,0,0,0,0,0,0,0,0,0,0,,,,,,,,,,,,,,,,,,,,,,,,,,,,,,,,,,,,,,,,,,,,,,,,,,,,,,,,,,,,,,,,,,,,,,,,,,,,,,,,,,,,,
0,0,0,0,0,0,0,0,0,0,0,0,0,0,0,,,,,,,,,,,,,,,,,,,,,,,,,,,,,,,,,,,,,,,,,,,,,,,,,,,,,,,,,,,,,,,,,,,,,,,,,,,,,,,,,,,,,
0,0,0,0,0,0,0,0,0,0,0,0,0,0,0,,,,,,,,,,,,,,,,,,,,,,,,,,,,,,,,,,,,,,,,,,,,,,,,,,,,,,,,,,,,,,,,,,,,,,,,,,,,,,,,,,,,,
0,0,0,0,0,0,0,0,0,0,0,0,0,0,0,,,,,,,,,,,,,,,,,,,,,,,,,,,,,,,,,,,,,,,,,,,,,,,,,,,,,,,,,,,,,,,,,,,,,,,,,,,,,,,,,,,,,
0,0,0,0,0,0,0,0,0,0,0,0,0,0,0,,,,,,,,,,,,,,,,,,,,,,,,,,,,,,,,,,,,,,,,,,,,,,,,,,,,,,,,,,,,,,,,,,,,,,,,,,,,,,,,,,,,,
0,0,0,0,0,0,0,0,0,0,0,0,0,0,0,,,,,,,,,,,,,,,,,,,,,,,,,,,,,,,,,,,,,,,,,,,,,,,,,,,,,,,,,,,,,,,,,,,,,,,,,,,,,,,,,,,,,
0,0,0,0,0,0,0,0,0,0,0,0,0,0,0,,,,,,,,,,,,,,,,,,,,,,,,,,,,,,,,,,,,,,,,,,,,,,,,,,,,,,,,,,,,,,,,,,,,,,,,,,,,,,,,,,,,,
0,0,0,0,0,0,0,0,0,0,0,0,0,0,0,,,,,,,,,,,,,,,,,,,,,,,,,,,,,,,,,,,,,,,,,,,,,,,,,,,,,,,,,,,,,,,,,,,,,,,,,,,,,,,,,,,,,
0,0,0,0,0,0,0,0,0,0,0,0,0,0,0,,,,,,,,,,,,,,,,,,,,,,,,,,,,,,,,,,,,,,,,,,,,,,,,,,,,,,,,,,,,,,,,,,,,,,,,,,,,,,,,,,,,,
0,0,0,0,0,0,0,0,0,0,0,0,0,0,0,,,,,,,,,,,,,,,,,,,,,,,,,,,,,,,,,,,,,,,,,,,,,,,,,,,,,,,,,,,,,,,,,,,,,,,,,,,,,,,,,,,,,
0,0,0,0,0,0,0,0,0,0,0,0,0,0,0,,,,,,,,,,,,,,,,,,,,,,,,,,,,,,,,,,,,,,,,,,,,,,,,,,,,,,,,,,,,,,,,,,,,,,,,,,,,,,,,,,,,,
0,0,0,0,0,0,0,0,0,0,0,0,0,0,0,,,,,,,,,,,,,,,,,,,,,,,,,,,,,,,,,,,,,,,,,,,,,,,,,,,,,,,,,,,,,,,,,,,,,,,,,,,,,,,,,,,,,
0,0,0,0,0,0,0,0,0,0,0,0,0,0,0,,,,,,,,,,,,,,,,,,,,,,,,,,,,,,,,,,,,,,,,,,,,,,,,,,,,,,,,,,,,,,,,,,,,,,,,,,,,,,,,,,,,,
0,0,0,0,0,0,0,0,0,0,0,0,0,0,0,,,,,,,,,,,,,,,,,,,,,,,,,,,,,,,,,,,,,,,,,,,,,,,,,,,,,,,,,,,,,,,,,,,,,,,,,,,,,,,,,,,,,
0,0,0,0,0,0,0,0,0,0,0,0,0,0,0,,,,,,,,,,,,,,,,,,,,,,,,,,,,,,,,,,,,,,,,,,,,,,,,,,,,,,,,,,,,,,,,,,,,,,,,,,,,,,,,,,,,,
0,0,0,0,0,0,0,0,0,0,0,0,0,0,0,,,,,,,,,,,,,,,,,,,,,,,,,,,,,,,,,,,,,,,,,,,,,,,,,,,,,,,,,,,,,,,,,,,,,,,,,,,,,,,,,,,,,
0,0,0,0,0,0,0,0,0,0,0,0,0,0,0,,,,,,,,,,,,,,,,,,,,,,,,,,,,,,,,,,,,,,,,,,,,,,,,,,,,,,,,,,,,,,,,,,,,,,,,,,,,,,,,,,,,,
0,0,0,0,0,0,0,0,0,0,0,0,0,0,0,,,,,,,,,,,,,,,,,,,,,,,,,,,,,,,,,,,,,,,,,,,,,,,,,,,,,,,,,,,,,,,,,,,,,,,,,,,,,,,,,,,,,
0,0,0,0,0,0,0,0,0,0,0,0,0,0,0,,,,,,,,,,,,,,,,,,,,,,,,,,,,,,,,,,,,,,,,,,,,,,,,,,,,,,,,,,,,,,,,,,,,,,,,,,,,,,,,,,,,,
0,0,0,0,0,0,0,0,0,0,0,0,0,0,0,,,,,,,,,,,,,,,,,,,,,,,,,,,,,,,,,,,,,,,,,,,,,,,,,,,,,,,,,,,,,,,,,,,,,,,,,,,,,,,,,,,,,
0,0,0,0,0,0,0,0,0,0,0,0,0,0,0,,,,,,,,,,,,,,,,,,,,,,,,,,,,,,,,,,,,,,,,,,,,,,,,,,,,,,,,,,,,,,,,,,,,,,,,,,,,,,,,,,,,,
0,0,0,0,0,0,0,0,0,0,0,0,0,0,0,,,,,,,,,,,,,,,,,,,,,,,,,,,,,,,,,,,,,,,,,,,,,,,,,,,,,,,,,,,,,,,,,,,,,,,,,,,,,,,,,,,,,
0,0,0,0,0,0,0,0,0,0,0,0,0,0,0,,,,,,,,,,,,,,,,,,,,,,,,,,,,,,,,,,,,,,,,,,,,,,,,,,,,,,,,,,,,,,,,,,,,,,,,,,,,,,,,,,,,,
0,0,0,0,0,0,0,0,0,0,0,0,0,0,0,,,,,,,,,,,,,,,,,,,,,,,,,,,,,,,,,,,,,,,,,,,,,,,,,,,,,,,,,,,,,,,,,,,,,,,,,,,,,,,,,,,,,
0,0,0,0,0,0,0,0,0,0,0,0,0,0,0,,,,,,,,,,,,,,,,,,,,,,,,,,,,,,,,,,,,,,,,,,,,,,,,,,,,,,,,,,,,,,,,,,,,,,,,,,,,,,,,,,,,,
0,0,0,0,0,0,0,0,0,0,0,0,0,0,0,,,,,,,,,,,,,,,,,,,,,,,,,,,,,,,,,,,,,,,,,,,,,,,,,,,,,,,,,,,,,,,,,,,,,,,,,,,,,,,,,,,,,
0,0,0,0,0,0,0,0,0,0,0,0,0,0,0,,,,,,,,,,,,,,,,,,,,,,,,,,,,,,,,,,,,,,,,,,,,,,,,,,,,,,,,,,,,,,,,,,,,,,,,,,,,,,,,,,,,,
0,0,0,0,0,0,0,0,0,0,0,0,0,0,0,,,,,,,,,,,,,,,,,,,,,,,,,,,,,,,,,,,,,,,,,,,,,,,,,,,,,,,,,,,,,,,,,,,,,,,,,,,,,,,,,,,,,
0,0,0,0,0,0,0,0,0,0,0,0,0,0,0,,,,,,,,,,,,,,,,,,,,,,,,,,,,,,,,,,,,,,,,,,,,,,,,,,,,,,,,,,,,,,,,,,,,,,,,,,,,,,,,,,,,,
0,0,0,0,0,0,0,0,0,0,0,0,0,0,0,,,,,,,,,,,,,,,,,,,,,,,,,,,,,,,,,,,,,,,,,,,,,,,,,,,,,,,,,,,,,,,,,,,,,,,,,,,,,,,,,,,,,
0,0,0,0,0,0,0,0,0,0,0,0,0,0,0,,,,,,,,,,,,,,,,,,,,,,,,,,,,,,,,,,,,,,,,,,,,,,,,,,,,,,,,,,,,,,,,,,,,,,,,,,,,,,,,,,,,,
0,0,0,0,0,0,0,0,0,0,0,0,0,0,0,,,,,,,,,,,,,,,,,,,,,,,,,,,,,,,,,,,,,,,,,,,,,,,,,,,,,,,,,,,,,,,,,,,,,,,,,,,,,,,,,,,,,
0,0,0,0,0,0,0,0,0,0,0,0,0,0,0,,,,,,,,,,,,,,,,,,,,,,,,,,,,,,,,,,,,,,,,,,,,,,,,,,,,,,,,,,,,,,,,,,,,,,,,,,,,,,,,,,,,,
0,0,0,0,0,0,0,0,0,0,0,0,0,0,0,,,,,,,,,,,,,,,,,,,,,,,,,,,,,,,,,,,,,,,,,,,,,,,,,,,,,,,,,,,,,,,,,,,,,,,,,,,,,,,,,,,,,
0,0,0,0,0,0,0,0,0,0,0,0,0,0,0,,,,,,,,,,,,,,,,,,,,,,,,,,,,,,,,,,,,,,,,,,,,,,,,,,,,,,,,,,,,,,,,,,,,,,,,,,,,,,,,,,,,,
0,0,0,0,0,0,0,0,0,0,0,0,0,0,0,,,,,,,,,,,,,,,,,,,,,,,,,,,,,,,,,,,,,,,,,,,,,,,,,,,,,,,,,,,,,,,,,,,,,,,,,,,,,,,,,,,,,
0,0,0,0,0,0,0,0,0,0,0,0,0,0,0,,,,,,,,,,,,,,,,,,,,,,,,,,,,,,,,,,,,,,,,,,,,,,,,,,,,,,,,,,,,,,,,,,,,,,,,,,,,,,,,,,,,,
0,0,0,0,0,0,0,0,0,0,0,0,0,0,0,,,,,,,,,,,,,,,,,,,,,,,,,,,,,,,,,,,,,,,,,,,,,,,,,,,,,,,,,,,,,,,,,,,,,,,,,,,,,,,,,,,,,
0,0,0,0,0,0,0,0,0,0,0,0,0,0,0,,,,,,,,,,,,,,,,,,,,,,,,,,,,,,,,,,,,,,,,,,,,,,,,,,,,,,,,,,,,,,,,,,,,,,,,,,,,,,,,,,,,,
0,0,0,0,0,0,0,0,0,0,0,0,0,0,0,,,,,,,,,,,,,,,,,,,,,,,,,,,,,,,,,,,,,,,,,,,,,,,,,,,,,,,,,,,,,,,,,,,,,,,,,,,,,,,,,,,,,
0,0,0,0,0,0,0,0,0,0,0,0,0,0,0,,,,,,,,,,,,,,,,,,,,,,,,,,,,,,,,,,,,,,,,,,,,,,,,,,,,,,,,,,,,,,,,,,,,,,,,,,,,,,,,,,,,,
0,0,0,0,0,0,0,0,0,0,0,0,0,0,0,,1440448,,,,,,,,,,,,,,,,,,,,,,,,,,,,,,,,,,,,,,,,,,,,,,,,,,,,,,,,,,,,,,,,,,,,,,,,,,,,,,,,,,,
适应度值,,,,,,,,,,,,,,,,,,,,,,,,,,,,,,,,,,,,,,,,,,,,,,,,,,,,,,,,,,,,,,,,,,,,,,,,,,,,,,,,,,,,,,,,,,,,,,,,,,,
390,780,1170,1560,1950,2350,274,3130,3520,3910,431,4700,5090,548,5870,6270,666,7050,7440,7830,8220,862,9010,9400,9790,10180,10580,1097,1136,11750,12140,12540,12930,1332,13710,14100,1449,14890,1528,15670,1606,16450,16850,1724,1763,18020,18410,18810,19200,19590,1998,20370,20770,21160,21550,2194,22330,2272,2312,23510,2390,24290,24680,25080,2547,25860,26250,2664,27040,27430,2782,28210,28600,2899,2939,29780,30170,3056,30950,31350,31740,3213,32520,32910,33310,33700,3409,3448,34870,3527,35660,36050,36440,36830,3722,37620,38010,38400,38790,39180
时间,,,,,,,,,,,,,,,,,,,,,,,,,,,,,,,,,,,,,,,,,,,,,,,,,,,,,,,,,,,,,,,,,,,,,,,,,,,,,,,,,,,,,,,,,,,,,,,,,,,
0.000515588,2.39E-06,0.0013749,1.19E-06,0.0013749,5.97E-07,0.0013749,2.98E-07,0.0013749,1.49E-07,0.0013749,2.98E-07,0.0054996,0.0109992,0.000149186,,121.4171345,,,,,,,,,,,,,,,,,,,,,,,,,,,,,,,,,,,,,,,,,,,,,,,,,,,,,,,,,,,,,,,,,,,,,,,,,,,,,,,,,,,
0.001031175,4.77E-06,0.0027498,2.39E-06,0.0027498,1.19E-06,0.0027498,5.97E-07,0.0027498,2.98E-07,0.0027498,5.97E-07,0.0109992,0.0219984,0.000298372,,,,,,,,,,,,,,,,,,,,,,,,,,,,,,,,,,,,,,,,,,,,,,,,,,,,,,,,,,,,,,,,,,,,,,,,,,,,,,,,,,,,,
0.001546763,7.16E-06,0.0041247,3.58E-06,0.0041247,1.79E-06,0.0041247,8.95E-07,0.0041247,4.48E-07,0.0041247,8.95E-07,0.0164988,0.0329976,0.000447559,,,,,,,,,,,,,,,,,,,,,,,,,,,,,,,,,,,,,,,,,,,,,,,,,,,,,,,,,,,,,,,,,,,,,,,,,,,,,,,,,,,,,
0.00206235,9.55E-06,0.0054996,4.77E-06,0.0054996,2.39E-06,0.0054996,1.19E-06,0.0054996,5.97E-07,0.0054996,1.19E-06,0.0219984,0.0439968,0.000596745,,,,,,,,,,,,,,,,,,,,,,,,,,,,,,,,,,,,,,,,,,,,,,,,,,,,,,,,,,,,,,,,,,,,,,,,,,,,,,,,,,,,,
0.002577938,1.19E-05,0.0068745,5.97E-06,0.0068745,2.98E-06,0.0068745,1.49E-06,0.0068745,7.46E-07,0.0068745,1.49E-06,0.027498,0.054996,0.000745931,,,,,,,,,,,,,,,,,,,,,,,,,,,,,,,,,,,,,,,,,,,,,,,,,,,,,,,,,,,,,,,,,,,,,,,,,,,,,,,,,,,,,
0.003093526,1.43E-05,0.0082494,7.16E-06,0.0082494,3.58E-06,0.0082494,1.79E-06,0.0082494,8.95E-07,0.0082494,1.79E-06,0.0329976,0.0659952,0.000895117,,,,,,,,,,,,,,,,,,,,,,,,,,,,,,,,,,,,,,,,,,,,,,,,,,,,,,,,,,,,,,,,,,,,,,,,,,,,,,,,,,,,,
0.003609113,1.67E-05,0.0096243,8.35E-06,0.0096243,4.18E-06,0.0096243,2.09E-06,0.0096243,1.04E-06,0.0096243,2.09E-06,0.0384972,0.0769944,0.001044303,,,,,,,,,,,,,,,,,,,,,,,,,,,,,,,,,,,,,,,,,,,,,,,,,,,,,,,,,,,,,,,,,,,,,,,,,,,,,,,,,,,,,
0.004124701,1.91E-05,0.0109992,9.55E-06,0.0109992,4.77E-06,0.0109992,2.39E-06,0.0109992,1.19E-06,0.0109992,2.39E-06,0.0439968,0.0879936,0.00119349,,,,,,,,,,,,,,,,,,,,,,,,,,,,,,,,,,,,,,,,,,,,,,,,,,,,,,,,,,,,,,,,,,,,,,,,,,,,,,,,,,,,,
0.004640288,2.15E-05,0.0123741,1.07E-05,0.0123741,5.37E-06,0.0123741,2.69E-06,0.0123741,1.34E-06,0.0123741,2.69E-06,0.0494964,0.0989928,0.001342676,,,,,,,,,,,,,,,,,,,,,,,,,,,,,,,,,,,,,,,,,,,,,,,,,,,,,,,,,,,,,,,,,,,,,,,,,,,,,,,,,,,,,
0.005155876,2.39E-05,0.013749,1.19E-05,0.013749,5.97E-06,0.013749,2.98E-06,0.013749,1.49E-06,0.013749,2.98E-06,0.054996,0.109992,0.001491862,,,,,,,,,,,,,,,,,,,,,,,,,,,,,,,,,,,,,,,,,,,,,,,,,,,,,,,,,,,,,,,,,,,,,,,,,,,,,,,,,,,,,
0.005671463,2.63E-05,0.0151239,1.31E-05,0.0151239,6.56E-06,0.0151239,3.28E-06,0.0151239,1.64E-06,0.0151239,3.28E-06,0.0604956,0.1209912,0.001641048,,,,,,,,,,,,,,,,,,,,,,,,,,,,,,,,,,,,,,,,,,,,,,,,,,,,,,,,,,,,,,,,,,,,,,,,,,,,,,,,,,,,,
0.006187051,2.86E-05,0.0164988,1.43E-05,0.0164988,7.16E-06,0.0164988,3.58E-06,0.0164988,1.79E-06,0.0164988,3.58E-06,0.0659952,0.1319904,0.001790234,,,,,,,,,,,,,,,,,,,,,,,,,,,,,,,,,,,,,,,,,,,,,,,,,,,,,,,,,,,,,,,,,,,,,,,,,,,,,,,,,,,,,
0.006702639,3.10E-05,0.0178737,1.55E-05,0.0178737,7.76E-06,0.0178737,3.88E-06,0.0178737,1.94E-06,0.0178737,3.88E-06,0.0714948,0.1429896,0.001939421,,,,,,,,,,,,,,,,,,,,,,,,,,,,,,,,,,,,,,,,,,,,,,,,,,,,,,,,,,,,,,,,,,,,,,,,,,,,,,,,,,,,,
0.007218226,3.34E-05,0.0192486,1.67E-05,0.0192486,8.35E-06,0.0192486,4.18E-06,0.0192486,2.09E-06,0.0192486,4.18E-06,0.0769944,0.1539888,0.002088607,,,,,,,,,,,,,,,,,,,,,,,,,,,,,,,,,,,,,,,,,,,,,,,,,,,,,,,,,,,,,,,,,,,,,,,,,,,,,,,,,,,,,
0.007733814,3.58E-05,0.0206235,1.79E-05,0.0206235,8.95E-06,0.0206235,4.48E-06,0.0206235,2.24E-06,0.0206235,4.48E-06,0.082494,0.164988,0.002237793,,,,,,,,,,,,,,,,,,,,,,,,,,,,,,,,,,,,,,,,,,,,,,,,,,,,,,,,,,,,,,,,,,,,,,,,,,,,,,,,,,,,,
0.008249401,3.82E-05,0.0219984,1.91E-05,0.0219984,9.55E-06,0.0219984,4.77E-06,0.0219984,2.39E-06,0.0219984,4.77E-06,0.0879936,0.1759872,0.002386979,,,,,,,,,,,,,,,,,,,,,,,,,,,,,,,,,,,,,,,,,,,,,,,,,,,,,,,,,,,,,,,,,,,,,,,,,,,,,,,,,,,,,
0.008764989,4.06E-05,0.0233733,2.03E-05,0.0233733,1.01E-05,0.0233733,5.07E-06,0.0233733,2.54E-06,0.0233733,5.07E-06,0.0934932,0.1869864,0.002536166,,,,,,,,,,,,,,,,,,,,,,,,,,,,,,,,,,,,,,,,,,,,,,,,,,,,,,,,,,,,,,,,,,,,,,,,,,,,,,,,,,,,,
0.009280577,4.30E-05,0.0247482,2.15E-05,0.0247482,1.07E-05,0.0247482,5.37E-06,0.0247482,2.69E-06,0.0247482,5.37E-06,0.0989928,0.1979856,0.002685352,,,,,,,,,,,,,,,,,,,,,,,,,,,,,,,,,,,,,,,,,,,,,,,,,,,,,,,,,,,,,,,,,,,,,,,,,,,,,,,,,,,,,
0.009796164,4.54E-05,0.0261231,2.27E-05,0.0261231,1.13E-05,0.0261231,5.67E-06,0.0261231,2.83E-06,0.0261231,5.67E-06,0.1044924,0.2089848,0.002834538,,,,,,,,,,,,,,,,,,,,,,,,,,,,,,,,,,,,,,,,,,,,,,,,,,,,,,,,,,,,,,,,,,,,,,,,,,,,,,,,,,,,,
0.010311752,4.77E-05,0.027498,2.39E-05,0.027498,1.19E-05,0.027498,5.97E-06,0.027498,2.98E-06,0.027498,5.97E-06,0.109992,0.219984,0.002983724,,,,,,,,,,,,,,,,,,,,,,,,,,,,,,,,,,,,,,,,,,,,,,,,,,,,,,,,,,,,,,,,,,,,,,,,,,,,,,,,,,,,,
0.010827339,5.01E-05,0.0288729,2.51E-05,0.0288729,1.25E-05,0.0288729,6.27E-06,0.0288729,3.13E-06,0.0288729,6.27E-06,0.1154916,0.2309832,0.00313291,,,,,,,,,,,,,,,,,,,,,,,,,,,,,,,,,,,,,,,,,,,,,,,,,,,,,,,,,,,,,,,,,,,,,,,,,,,,,,,,,,,,,
0.011342927,5.25E-05,0.0302478,2.63E-05,0.0302478,1.31E-05,0.0302478,6.56E-06,0.0302478,3.28E-06,0.0302478,6.56E-06,0.1209912,0.2419824,0.003282097,,,,,,,,,,,,,,,,,,,,,,,,,,,,,,,,,,,,,,,,,,,,,,,,,,,,,,,,,,,,,,,,,,,,,,,,,,,,,,,,,,,,,
0.011858514,5.49E-05,0.0316227,2.75E-05,0.0316227,1.37E-05,0.0316227,6.86E-06,0.0316227,3.43E-06,0.0316227,6.86E-06,0.1264908,0.2529816,0.003431283,,,,,,,,,,,,,,,,,,,,,,,,,,,,,,,,,,,,,,,,,,,,,,,,,,,,,,,,,,,,,,,,,,,,,,,,,,,,,,,,,,,,,
0.012374102,5.73E-05,0.0329976,2.86E-05,0.0329976,1.43E-05,0.0329976,7.16E-06,0.0329976,3.58E-06,0.0329976,7.16E-06,0.1319904,0.2639808,0.003580469,,,,,,,,,,,,,,,,,,,,,,,,,,,,,,,,,,,,,,,,,,,,,,,,,,,,,,,,,,,,,,,,,,,,,,,,,,,,,,,,,,,,,
0.01288969,5.97E-05,0.0343725,2.98E-05,0.0343725,1.49E-05,0.0343725,7.46E-06,0.0343725,3.73E-06,0.0343725,7.46E-06,0.13749,0.27498,0.003729655,,,,,,,,,,,,,,,,,,,,,,,,,,,,,,,,,,,,,,,,,,,,,,,,,,,,,,,,,,,,,,,,,,,,,,,,,,,,,,,,,,,,,
0.013405277,6.21E-05,0.0357474,3.10E-05,0.0357474,1.55E-05,0.0357474,7.76E-06,0.0357474,3.88E-06,0.0357474,7.76E-06,0.1429896,0.2859792,0.003878841,,,,,,,,,,,,,,,,,,,,,,,,,,,,,,,,,,,,,,,,,,,,,,,,,,,,,,,,,,,,,,,,,,,,,,,,,,,,,,,,,,,,,
0.013920865,6.44E-05,0.0371223,3.22E-05,0.0371223,1.61E-05,0.0371223,8.06E-06,0.0371223,4.03E-06,0.0371223,8.06E-06,0.1484892,0.2969784,0.004028028,,,,,,,,,,,,,,,,,,,,,,,,,,,,,,,,,,,,,,,,,,,,,,,,,,,,,,,,,,,,,,,,,,,,,,,,,,,,,,,,,,,,,
0.014436452,6.68E-05,0.0384972,3.34E-05,0.0384972,1.67E-05,0.0384972,8.35E-06,0.0384972,4.18E-06,0.0384972,8.35E-06,0.1539888,0.3079776,0.004177214,,,,,,,,,,,,,,,,,,,,,,,,,,,,,,,,,,,,,,,,,,,,,,,,,,,,,,,,,,,,,,,,,,,,,,,,,,,,,,,,,,,,,
0.01495204,6.92E-05,0.0398721,3.46E-05,0.0398721,1.73E-05,0.0398721,8.65E-06,0.0398721,4.33E-06,0.0398721,8.65E-06,0.1594884,0.3189768,0.0043264,,,,,,,,,,,,,,,,,,,,,,,,,,,,,,,,,,,,,,,,,,,,,,,,,,,,,,,,,,,,,,,,,,,,,,,,,,,,,,,,,,,,,
0.015467628,7.16E-05,0.041247,3.58E-05,0.041247,1.79E-05,0.041247,8.95E-06,0.041247,4.48E-06,0.041247,8.95E-06,0.164988,0.329976,0.004475586,,,,,,,,,,,,,,,,,,,,,,,,,,,,,,,,,,,,,,,,,,,,,,,,,,,,,,,,,,,,,,,,,,,,,,,,,,,,,,,,,,,,,
0.015983215,7.40E-05,0.0426219,3.70E-05,0.0426219,1.85E-05,0.0426219,9.25E-06,0.0426219,4.62E-06,0.0426219,9.25E-06,0.1704876,0.3409752,0.004624772,,,,,,,,,,,,,,,,,,,,,,,,,,,,,,,,,,,,,,,,,,,,,,,,,,,,,,,,,,,,,,,,,,,,,,,,,,,,,,,,,,,,,
0.016498803,7.64E-05,0.0439968,3.82E-05,0.0439968,1.91E-05,0.0439968,9.55E-06,0.0439968,4.77E-06,0.0439968,9.55E-06,0.1759872,0.3519744,0.004773959,,,,,,,,,,,,,,,,,,,,,,,,,,,,,,,,,,,,,,,,,,,,,,,,,,,,,,,,,,,,,,,,,,,,,,,,,,,,,,,,,,,,,
0.01701439,7.88E-05,0.0453717,3.94E-05,0.0453717,1.97E-05,0.0453717,9.85E-06,0.0453717,4.92E-06,0.0453717,9.85E-06,0.1814868,0.3629736,0.004923145,,,,,,,,,,,,,,,,,,,,,,,,,,,,,,,,,,,,,,,,,,,,,,,,,,,,,,,,,,,,,,,,,,,,,,,,,,,,,,,,,,,,,
0.017529978,8.12E-05,0.0467466,4.06E-05,0.0467466,2.03E-05,0.0467466,1.01E-05,0.0467466,5.07E-06,0.0467466,1.01E-05,0.1869864,0.3739728,0.005072331,,,,,,,,,,,,,,,,,,,,,,,,,,,,,,,,,,,,,,,,,,,,,,,,,,,,,,,,,,,,,,,,,,,,,,,,,,,,,,,,,,,,,
0.018045566,8.35E-05,0.0481215,4.18E-05,0.0481215,2.09E-05,0.0481215,1.04E-05,0.0481215,5.22E-06,0.0481215,1.04E-05,0.192486,0.384972,0.005221517,,,,,,,,,,,,,,,,,,,,,,,,,,,,,,,,,,,,,,,,,,,,,,,,,,,,,,,,,,,,,,,,,,,,,,,,,,,,,,,,,,,,,
0.018561153,8.59E-05,0.0494964,4.30E-05,0.0494964,2.15E-05,0.0494964,1.07E-05,0.0494964,5.37E-06,0.0494964,1.07E-05,0.1979856,0.3959712,0.005370703,,,,,,,,,,,,,,,,,,,,,,,,,,,,,,,,,,,,,,,,,,,,,,,,,,,,,,,,,,,,,,,,,,,,,,,,,,,,,,,,,,,,,
0.019076741,8.83E-05,0.0508713,4.42E-05,0.0508713,2.21E-05,0.0508713,1.10E-05,0.0508713,5.52E-06,0.0508713,1.10E-05,0.2034852,0.4069704,0.00551989,,,,,,,,,,,,,,,,,,,,,,,,,,,,,,,,,,,,,,,,,,,,,,,,,,,,,,,,,,,,,,,,,,,,,,,,,,,,,,,,,,,,,
0.019592328,9.07E-05,0.0522462,4.54E-05,0.0522462,2.27E-05,0.0522462,1.13E-05,0.0522462,5.67E-06,0.0522462,1.13E-05,0.2089848,0.4179696,0.005669076,,,,,,,,,,,,,,,,,,,,,,,,,,,,,,,,,,,,,,,,,,,,,,,,,,,,,,,,,,,,,,,,,,,,,,,,,,,,,,,,,,,,,
0.020107916,9.31E-05,0.0536211,4.65E-05,0.0536211,2.33E-05,0.0536211,1.16E-05,0.0536211,5.82E-06,0.0536211,1.16E-05,0.2144844,0.4289688,0.005818262,,,,,,,,,,,,,,,,,,,,,,,,,,,,,,,,,,,,,,,,,,,,,,,,,,,,,,,,,,,,,,,,,,,,,,,,,,,,,,,,,,,,,
0.020623503,9.55E-05,0.054996,4.77E-05,0.054996,2.39E-05,0.054996,1.19E-05,0.054996,5.97E-06,0.054996,1.19E-05,0.219984,0.439968,0.005967448,,,,,,,,,,,,,,,,,,,,,,,,,,,,,,,,,,,,,,,,,,,,,,,,,,,,,,,,,,,,,,,,,,,,,,,,,,,,,,,,,,,,,
0.021139091,9.79E-05,0.0563709,4.89E-05,0.0563709,2.45E-05,0.0563709,1.22E-05,0.0563709,6.12E-06,0.0563709,1.22E-05,0.2254836,0.4509672,0.006116634,,,,,,,,,,,,,,,,,,,,,,,,,,,,,,,,,,,,,,,,,,,,,,,,,,,,,,,,,,,,,,,,,,,,,,,,,,,,,,,,,,,,,
0.021654679,0.000100253,0.0577458,5.01E-05,0.0577458,2.51E-05,0.0577458,1.25E-05,0.0577458,6.27E-06,0.0577458,1.25E-05,0.2309832,0.4619664,0.006265821,,,,,,,,,,,,,,,,,,,,,,,,,,,,,,,,,,,,,,,,,,,,,,,,,,,,,,,,,,,,,,,,,,,,,,,,,,,,,,,,,,,,,
0.022170266,0.00010264,0.0591207,5.13E-05,0.0591207,2.57E-05,0.0591207,1.28E-05,0.0591207,6.42E-06,0.0591207,1.28E-05,0.2364828,0.4729656,0.006415007,,,,,,,,,,,,,,,,,,,,,,,,,,,,,,,,,,,,,,,,,,,,,,,,,,,,,,,,,,,,,,,,,,,,,,,,,,,,,,,,,,,,,
0.022685854,0.000105027,0.0604956,5.25E-05,0.0604956,2.63E-05,0.0604956,1.31E-05,0.0604956,6.56E-06,0.0604956,1.31E-05,0.2419824,0.4839648,0.006564193,,,,,,,,,,,,,,,,,,,,,,,,,,,,,,,,,,,,,,,,,,,,,,,,,,,,,,,,,,,,,,,,,,,,,,,,,,,,,,,,,,,,,
0.023201441,0.000107414,0.0618705,5.37E-05,0.0618705,2.69E-05,0.0618705,1.34E-05,0.0618705,6.71E-06,0.0618705,1.34E-05,0.247482,0.494964,0.006713379,,,,,,,,,,,,,,,,,,,,,,,,,,,,,,,,,,,,,,,,,,,,,,,,,,,,,,,,,,,,,,,,,,,,,,,,,,,,,,,,,,,,,
0.023717029,0.000109801,0.0632454,5.49E-05,0.0632454,2.75E-05,0.0632454,1.37E-05,0.0632454,6.86E-06,0.0632454,1.37E-05,0.2529816,0.5059632,0.006862566,,,,,,,,,,,,,,,,,,,,,,,,,,,,,,,,,,,,,,,,,,,,,,,,,,,,,,,,,,,,,,,,,,,,,,,,,,,,,,,,,,,,,
0.024232617,0.000112188,0.0646203,5.61E-05,0.0646203,2.80E-05,0.0646203,1.40E-05,0.0646203,7.01E-06,0.0646203,1.40E-05,0.2584812,0.5169624,0.007011752,,,,,,,,,,,,,,,,,,,,,,,,,,,,,,,,,,,,,,,,,,,,,,,,,,,,,,,,,,,,,,,,,,,,,,,,,,,,,,,,,,,,,
0.024748204,0.000114575,0.0659952,5.73E-05,0.0659952,2.86E-05,0.0659952,1.43E-05,0.0659952,7.16E-06,0.0659952,1.43E-05,0.2639808,0.5279616,0.007160938,,,,,,,,,,,,,,,,,,,,,,,,,,,,,,,,,,,,,,,,,,,,,,,,,,,,,,,,,,,,,,,,,,,,,,,,,,,,,,,,,,,,,
0.025263792,0.000116962,0.0673701,5.85E-05,0.0673701,2.92E-05,0.0673701,1.46E-05,0.0673701,7.31E-06,0.0673701,1.46E-05,0.2694804,0.5389608,0.007310124,,,,,,,,,,,,,,,,,,,,,,,,,,,,,,,,,,,,,,,,,,,,,,,,,,,,,,,,,,,,,,,,,,,,,,,,,,,,,,,,,,,,,
0.025779379,0.000119349,0.068745,5.97E-05,0.068745,2.98E-05,0.068745,1.49E-05,0.068745,7.46E-06,0.068745,1.49E-05,0.27498,0.54996,0.00745931,,,,,,,,,,,,,,,,,,,,,,,,,,,,,,,,,,,,,,,,,,,,,,,,,,,,,,,,,,,,,,,,,,,,,,,,,,,,,,,,,,,,,
0.026294967,0.000121736,0.0701199,6.09E-05,0.0701199,3.04E-05,0.0701199,1.52E-05,0.0701199,7.61E-06,0.0701199,1.52E-05,0.2804796,0.5609592,0.007608497,,,,,,,,,,,,,,,,,,,,,,,,,,,,,,,,,,,,,,,,,,,,,,,,,,,,,,,,,,,,,,,,,,,,,,,,,,,,,,,,,,,,,
0.026810554,0.000124123,0.0714948,6.21E-05,0.0714948,3.10E-05,0.0714948,1.55E-05,0.0714948,7.76E-06,0.0714948,1.55E-05,0.2859792,0.5719584,0.007757683,,,,,,,,,,,,,,,,,,,,,,,,,,,,,,,,,,,,,,,,,,,,,,,,,,,,,,,,,,,,,,,,,,,,,,,,,,,,,,,,,,,,,
0.027326142,0.00012651,0.0728697,6.33E-05,0.0728697,3.16E-05,0.0728697,1.58E-05,0.0728697,7.91E-06,0.0728697,1.58E-05,0.2914788,0.5829576,0.007906869,,,,,,,,,,,,,,,,,,,,,,,,,,,,,,,,,,,,,,,,,,,,,,,,,,,,,,,,,,,,,,,,,,,,,,,,,,,,,,,,,,,,,
0.02784173,0.000128897,0.0742446,6.44E-05,0.0742446,3.22E-05,0.0742446,1.61E-05,0.0742446,8.06E-06,0.0742446,1.61E-05,0.2969784,0.5939568,0.008056055,,,,,,,,,,,,,,,,,,,,,,,,,,,,,,,,,,,,,,,,,,,,,,,,,,,,,,,,,,,,,,,,,,,,,,,,,,,,,,,,,,,,,
0.028357317,0.000131284,0.0756195,6.56E-05,0.0756195,3.28E-05,0.0756195,1.64E-05,0.0756195,8.21E-06,0.0756195,1.64E-05,0.302478,0.604956,0.008205241,,,,,,,,,,,,,,,,,,,,,,,,,,,,,,,,,,,,,,,,,,,,,,,,,,,,,,,,,,,,,,,,,,,,,,,,,,,,,,,,,,,,,
0.028872905,0.000133671,0.0769944,6.68E-05,0.0769944,3.34E-05,0.0769944,1.67E-05,0.0769944,8.35E-06,0.0769944,1.67E-05,0.3079776,0.6159552,0.008354428,,,,,,,,,,,,,,,,,,,,,,,,,,,,,,,,,,,,,,,,,,,,,,,,,,,,,,,,,,,,,,,,,,,,,,,,,,,,,,,,,,,,,
0.029388492,0.000136058,0.0783693,6.80E-05,0.0783693,3.40E-05,0.0783693,1.70E-05,0.0783693,8.50E-06,0.0783693,1.70E-05,0.3134772,0.6269544,0.008503614,,,,,,,,,,,,,,,,,,,,,,,,,,,,,,,,,,,,,,,,,,,,,,,,,,,,,,,,,,,,,,,,,,,,,,,,,,,,,,,,,,,,,
0.02990408,0.000138445,0.0797442,6.92E-05,0.0797442,3.46E-05,0.0797442,1.73E-05,0.0797442,8.65E-06,0.0797442,1.73E-05,0.3189768,0.6379536,0.0086528,,,,,,,,,,,,,,,,,,,,,,,,,,,,,,,,,,,,,,,,,,,,,,,,,,,,,,,,,,,,,,,,,,,,,,,,,,,,,,,,,,,,,
0.030419668,0.000140832,0.0811191,7.04E-05,0.0811191,3.52E-05,0.0811191,1.76E-05,0.0811191,8.80E-06,0.0811191,1.76E-05,0.3244764,0.6489528,0.008801986,,,,,,,,,,,,,,,,,,,,,,,,,,,,,,,,,,,,,,,,,,,,,,,,,,,,,,,,,,,,,,,,,,,,,,,,,,,,,,,,,,,,,
0.030935255,0.000143219,0.082494,7.16E-05,0.082494,3.58E-05,0.082494,1.79E-05,0.082494,8.95E-06,0.082494,1.79E-05,0.329976,0.659952,0.008951172,,,,,,,,,,,,,,,,,,,,,,,,,,,,,,,,,,,,,,,,,,,,,,,,,,,,,,,,,,,,,,,,,,,,,,,,,,,,,,,,,,,,,
0.031450843,0.000145606,0.0838689,7.28E-05,0.0838689,3.64E-05,0.0838689,1.82E-05,0.0838689,9.10E-06,0.0838689,1.82E-05,0.3354756,0.6709512,0.009100359,,,,,,,,,,,,,,,,,,,,,,,,,,,,,,,,,,,,,,,,,,,,,,,,,,,,,,,,,,,,,,,,,,,,,,,,,,,,,,,,,,,,,
0.03196643,0.000147993,0.0852438,7.40E-05,0.0852438,3.70E-05,0.0852438,1.85E-05,0.0852438,9.25E-06,0.0852438,1.85E-05,0.3409752,0.6819504,0.009249545,,,,,,,,,,,,,,,,,,,,,,,,,,,,,,,,,,,,,,,,,,,,,,,,,,,,,,,,,,,,,,,,,,,,,,,,,,,,,,,,,,,,,
0.032482018,0.00015038,0.0866187,7.52E-05,0.0866187,3.76E-05,0.0866187,1.88E-05,0.0866187,9.40E-06,0.0866187,1.88E-05,0.3464748,0.6929496,0.009398731,,,,,,,,,,,,,,,,,,,,,,,,,,,,,,,,,,,,,,,,,,,,,,,,,,,,,,,,,,,,,,,,,,,,,,,,,,,,,,,,,,,,,
0.032997606,0.000152767,0.0879936,7.64E-05,0.0879936,3.82E-05,0.0879936,1.91E-05,0.0879936,9.55E-06,0.0879936,1.91E-05,0.3519744,0.7039488,0.009547917,,,,,,,,,,,,,,,,,,,,,,,,,,,,,,,,,,,,,,,,,,,,,,,,,,,,,,,,,,,,,,,,,,,,,,,,,,,,,,,,,,,,,
0.033513193,0.000155154,0.0893685,7.76E-05,0.0893685,3.88E-05,0.0893685,1.94E-05,0.0893685,9.70E-06,0.0893685,1.94E-05,0.357474,0.714948,0.009697103,,,,,,,,,,,,,,,,,,,,,,,,,,,,,,,,,,,,,,,,,,,,,,,,,,,,,,,,,,,,,,,,,,,,,,,,,,,,,,,,,,,,,
0.034028781,0.000157541,0.0907434,7.88E-05,0.0907434,3.94E-05,0.0907434,1.97E-05,0.0907434,9.85E-06,0.0907434,1.97E-05,0.3629736,0.7259472,0.00984629,,,,,,,,,,,,,,,,,,,,,,,,,,,,,,,,,,,,,,,,,,,,,,,,,,,,,,,,,,,,,,,,,,,,,,,,,,,,,,,,,,,,,
0.034544368,0.000159928,0.0921183,8.00E-05,0.0921183,4.00E-05,0.0921183,2.00E-05,0.0921183,1.00E-05,0.0921183,2.00E-05,0.3684732,0.7369464,0.009995476,,,,,,,,,,,,,,,,,,,,,,,,,,,,,,,,,,,,,,,,,,,,,,,,,,,,,,,,,,,,,,,,,,,,,,,,,,,,,,,,,,,,,
0.035059956,0.000162315,0.0934932,8.12E-05,0.0934932,4.06E-05,0.0934932,2.03E-05,0.0934932,1.01E-05,0.0934932,2.03E-05,0.3739728,0.7479456,0.010144662,,,,,,,,,,,,,,,,,,,,,,,,,,,,,,,,,,,,,,,,,,,,,,,,,,,,,,,,,,,,,,,,,,,,,,,,,,,,,,,,,,,,,
0.035575543,0.000164702,0.0948681,8.24E-05,0.0948681,4.12E-05,0.0948681,2.06E-05,0.0948681,1.03E-05,0.0948681,2.06E-05,0.3794724,0.7589448,0.010293848,,,,,,,,,,,,,,,,,,,,,,,,,,,,,,,,,,,,,,,,,,,,,,,,,,,,,,,,,,,,,,,,,,,,,,,,,,,,,,,,,,,,,
0.036091131,0.000167089,0.096243,8.35E-05,0.096243,4.18E-05,0.096243,2.09E-05,0.096243,1.04E-05,0.096243,2.09E-05,0.384972,0.769944,0.010443034,,,,,,,,,,,,,,,,,,,,,,,,,,,,,,,,,,,,,,,,,,,,,,,,,,,,,,,,,,,,,,,,,,,,,,,,,,,,,,,,,,,,,
0.036606719,0.000169476,0.0976179,8.47E-05,0.0976179,4.24E-05,0.0976179,2.12E-05,0.0976179,1.06E-05,0.0976179,2.12E-05,0.3904716,0.7809432,0.010592221,,,,,,,,,,,,,,,,,,,,,,,,,,,,,,,,,,,,,,,,,,,,,,,,,,,,,,,,,,,,,,,,,,,,,,,,,,,,,,,,,,,,,
0.037122306,0.000171863,0.0989928,8.59E-05,0.0989928,4.30E-05,0.0989928,2.15E-05,0.0989928,1.07E-05,0.0989928,2.15E-05,0.3959712,0.7919424,0.010741407,,,,,,,,,,,,,,,,,,,,,,,,,,,,,,,,,,,,,,,,,,,,,,,,,,,,,,,,,,,,,,,,,,,,,,,,,,,,,,,,,,,,,
0.037637894,0.000174249,0.1003677,8.71E-05,0.1003677,4.36E-05,0.1003677,2.18E-05,0.1003677,1.09E-05,0.1003677,2.18E-05,0.4014708,0.8029416,0.010890593,,,,,,,,,,,,,,,,,,,,,,,,,,,,,,,,,,,,,,,,,,,,,,,,,,,,,,,,,,,,,,,,,,,,,,,,,,,,,,,,,,,,,
0.038153481,0.000176636,0.1017426,8.83E-05,0.1017426,4.42E-05,0.1017426,2.21E-05,0.1017426,1.10E-05,0.1017426,2.21E-05,0.4069704,0.8139408,0.011039779,,,,,,,,,,,,,,,,,,,,,,,,,,,,,,,,,,,,,,,,,,,,,,,,,,,,,,,,,,,,,,,,,,,,,,,,,,,,,,,,,,,,,
0.038669069,0.000179023,0.1031175,8.95E-05,0.1031175,4.48E-05,0.1031175,2.24E-05,0.1031175,1.12E-05,0.1031175,2.24E-05,0.41247,0.82494,0.011188966,,,,,,,,,,,,,,,,,,,,,,,,,,,,,,,,,,,,,,,,,,,,,,,,,,,,,,,,,,,,,,,,,,,,,,,,,,,,,,,,,,,,,
0.039184657,0.00018141,0.1044924,9.07E-05,0.1044924,4.54E-05,0.1044924,2.27E-05,0.1044924,1.13E-05,0.1044924,2.27E-05,0.4179696,0.8359392,0.011338152,,,,,,,,,,,,,,,,,,,,,,,,,,,,,,,,,,,,,,,,,,,,,,,,,,,,,,,,,,,,,,,,,,,,,,,,,,,,,,,,,,,,,
0.039700244,0.000183797,0.1058673,9.19E-05,0.1058673,4.59E-05,0.1058673,2.30E-05,0.1058673,1.15E-05,0.1058673,2.30E-05,0.4234692,0.8469384,0.011487338,,,,,,,,,,,,,,,,,,,,,,,,,,,,,,,,,,,,,,,,,,,,,,,,,,,,,,,,,,,,,,,,,,,,,,,,,,,,,,,,,,,,,
0.040215832,0.000186184,0.1072422,9.31E-05,0.1072422,4.65E-05,0.1072422,2.33E-05,0.1072422,1.16E-05,0.1072422,2.33E-05,0.4289688,0.8579376,0.011636524,,,,,,,,,,,,,,,,,,,,,,,,,,,,,,,,,,,,,,,,,,,,,,,,,,,,,,,,,,,,,,,,,,,,,,,,,,,,,,,,,,,,,
0.040731419,0.000188571,0.1086171,9.43E-05,0.1086171,4.71E-05,0.1086171,2.36E-05,0.1086171,1.18E-05,0.1086171,2.36E-05,0.4344684,0.8689368,0.01178571,,,,,,,,,,,,,,,,,,,,,,,,,,,,,,,,,,,,,,,,,,,,,,,,,,,,,,,,,,,,,,,,,,,,,,,,,,,,,,,,,,,,,
0.041247007,0.000190958,0.109992,9.55E-05,0.109992,4.77E-05,0.109992,2.39E-05,0.109992,1.19E-05,0.109992,2.39E-05,0.439968,0.879936,0.011934897,,,,,,,,,,,,,,,,,,,,,,,,,,,,,,,,,,,,,,,,,,,,,,,,,,,,,,,,,,,,,,,,,,,,,,,,,,,,,,,,,,,,,
0.041762594,0.000193345,0.1113669,9.67E-05,0.1113669,4.83E-05,0.1113669,2.42E-05,0.1113669,1.21E-05,0.1113669,2.42E-05,0.4454676,0.8909352,0.012084083,,,,,,,,,,,,,,,,,,,,,,,,,,,,,,,,,,,,,,,,,,,,,,,,,,,,,,,,,,,,,,,,,,,,,,,,,,,,,,,,,,,,,
0.042278182,0.000195732,0.1127418,9.79E-05,0.1127418,4.89E-05,0.1127418,2.45E-05,0.1127418,1.22E-05,0.1127418,2.45E-05,0.4509672,0.9019344,0.012233269,,,,,,,,,,,,,,,,,,,,,,,,,,,,,,,,,,,,,,,,,,,,,,,,,,,,,,,,,,,,,,,,,,,,,,,,,,,,,,,,,,,,,
0.04279377,0.000198119,0.1141167,9.91E-05,0.1141167,4.95E-05,0.1141167,2.48E-05,0.1141167,1.24E-05,0.1141167,2.48E-05,0.4564668,0.9129336,0.012382455,,,,,,,,,,,,,,,,,,,,,,,,,,,,,,,,,,,,,,,,,,,,,,,,,,,,,,,,,,,,,,,,,,,,,,,,,,,,,,,,,,,,,
0.043309357,0.000200506,0.1154916,0.000100253,0.1154916,5.01E-05,0.1154916,2.51E-05,0.1154916,1.25E-05,0.1154916,2.51E-05,0.4619664,0.9239328,0.012531641,,,,,,,,,,,,,,,,,,,,,,,,,,,,,,,,,,,,,,,,,,,,,,,,,,,,,,,,,,,,,,,,,,,,,,,,,,,,,,,,,,,,,
0.043824945,0.000202893,0.1168665,0.000101447,0.1168665,5.07E-05,0.1168665,2.54E-05,0.1168665,1.27E-05,0.1168665,2.54E-05,0.467466,0.934932,0.012680828,,,,,,,,,,,,,,,,,,,,,,,,,,,,,,,,,,,,,,,,,,,,,,,,,,,,,,,,,,,,,,,,,,,,,,,,,,,,,,,,,,,,,
0.044340532,0.00020528,0.1182414,0.00010264,0.1182414,5.13E-05,0.1182414,2.57E-05,0.1182414,1.28E-05,0.1182414,2.57E-05,0.4729656,0.9459312,0.012830014,,,,,,,,,,,,,,,,,,,,,,,,,,,,,,,,,,,,,,,,,,,,,,,,,,,,,,,,,,,,,,,,,,,,,,,,,,,,,,,,,,,,,
0.04485612,0.000207667,0.1196163,0.000103834,0.1196163,5.19E-05,0.1196163,2.60E-05,0.1196163,1.30E-05,0.1196163,2.60E-05,0.4784652,0.9569304,0.0129792,,,,,,,,,,,,,,,,,,,,,,,,,,,,,,,,,,,,,,,,,,,,,,,,,,,,,,,,,,,,,,,,,,,,,,,,,,,,,,,,,,,,,
0.045371708,0.000210054,0.1209912,0.000105027,0.1209912,5.25E-05,0.1209912,2.63E-05,0.1209912,1.31E-05,0.1209912,2.63E-05,0.4839648,0.9679296,0.013128386,,,,,,,,,,,,,,,,,,,,,,,,,,,,,,,,,,,,,,,,,,,,,,,,,,,,,,,,,,,,,,,,,,,,,,,,,,,,,,,,,,,,,
0.045887295,0.000212441,0.1223661,0.000106221,0.1223661,5.31E-05,0.1223661,2.66E-05,0.1223661,1.33E-05,0.1223661,2.66E-05,0.4894644,0.9789288,0.013277572,,,,,,,,,,,,,,,,,,,,,,,,,,,,,,,,,,,,,,,,,,,,,,,,,,,,,,,,,,,,,,,,,,,,,,,,,,,,,,,,,,,,,
0.046402883,0.000214828,0.123741,0.000107414,0.123741,5.37E-05,0.123741,2.69E-05,0.123741,1.34E-05,0.123741,2.69E-05,0.494964,0.989928,0.013426759,,,,,,,,,,,,,,,,,,,,,,,,,,,,,,,,,,,,,,,,,,,,,,,,,,,,,,,,,,,,,,,,,,,,,,,,,,,,,,,,,,,,,
0.04691847,0.000217215,0.1251159,0.000108608,0.1251159,5.43E-05,0.1251159,2.72E-05,0.1251159,1.36E-05,0.1251159,2.72E-05,0.5004636,1.0009272,0.013575945,,,,,,,,,,,,,,,,,,,,,,,,,,,,,,,,,,,,,,,,,,,,,,,,,,,,,,,,,,,,,,,,,,,,,,,,,,,,,,,,,,,,,
0.047434058,0.000219602,0.1264908,0.000109801,0.1264908,5.49E-05,0.1264908,2.75E-05,0.1264908,1.37E-05,0.1264908,2.75E-05,0.5059632,1.0119264,0.013725131,,,,,,,,,,,,,,,,,,,,,,,,,,,,,,,,,,,,,,,,,,,,,,,,,,,,,,,,,,,,,,,,,,,,,,,,,,,,,,,,,,,,,
0.047949646,0.000221989,0.1278657,0.000110995,0.1278657,5.55E-05,0.1278657,2.77E-05,0.1278657,1.39E-05,0.1278657,2.77E-05,0.5114628,1.0229256,0.013874317,,,,,,,,,,,,,,,,,,,,,,,,,,,,,,,,,,,,,,,,,,,,,,,,,,,,,,,,,,,,,,,,,,,,,,,,,,,,,,,,,,,,,
0.048465233,0.000224376,0.1292406,0.000112188,0.1292406,5.61E-05,0.1292406,2.80E-05,0.1292406,1.40E-05,0.1292406,2.80E-05,0.5169624,1.0339248,0.014023503,,,,,,,,,,,,,,,,,,,,,,,,,,,,,,,,,,,,,,,,,,,,,,,,,,,,,,,,,,,,,,,,,,,,,,,,,,,,,,,,,,,,,
0.048980821,0.000226763,0.1306155,0.000113382,0.1306155,5.67E-05,0.1306155,2.83E-05,0.1306155,1.42E-05,0.1306155,2.83E-05,0.522462,1.044924,0.01417269,,,,,,,,,,,,,,,,,,,,,,,,,,,,,,,,,,,,,,,,,,,,,,,,,,,,,,,,,,,,,,,,,,,,,,,,,,,,,,,,,,,,,
0.049496408,0.00022915,0.1319904,0.000114575,0.1319904,5.73E-05,0.1319904,2.86E-05,0.1319904,1.43E-05,0.1319904,2.86E-05,0.5279616,1.0559232,0.014321876,,,,,,,,,,,,,,,,,,,,,,,,,,,,,,,,,,,,,,,,,,,,,,,,,,,,,,,,,,,,,,,,,,,,,,,,,,,,,,,,,,,,,
0.050011996,0.000231537,0.1333653,0.000115768,0.1333653,5.79E-05,0.1333653,2.89E-05,0.1333653,1.45E-05,0.1333653,2.89E-05,0.5334612,1.0669224,0.014471062,,,,,,,,,,,,,,,,,,,,,,,,,,,,,,,,,,,,,,,,,,,,,,,,,,,,,,,,,,,,,,,,,,,,,,,,,,,,,,,,,,,,,
0.050527583,0.000233924,0.1347402,0.000116962,0.1347402,5.85E-05,0.1347402,2.92E-05,0.1347402,1.46E-05,0.1347402,2.92E-05,0.5389608,1.0779216,0.014620248,,,,,,,,,,,,,,,,,,,,,,,,,,,,,,,,,,,,,,,,,,,,,,,,,,,,,,,,,,,,,,,,,,,,,,,,,,,,,,,,,,,,,
0.051043171,0.000236311,0.1361151,0.000118155,0.1361151,5.91E-05,0.1361151,2.95E-05,0.1361151,1.48E-05,0.1361151,2.95E-05,0.5444604,1.0889208,0.014769434,,,,,,,,,,,,,,,,,,,,,,,,,,,,,,,,,,,,,,,,,,,,,,,,,,,,,,,,,,,,,,,,,,,,,,,,,,,,,,,,,,,,,
0.051558759,0.000238698,0.13749,0.000119349,0.13749,5.97E-05,0.13749,2.98E-05,0.13749,1.49E-05,0.13749,2.98E-05,0.54996,1.09992,0.014918621,,,,,,,,,,,,,,,,,,,,,,,,,,,,,,,,,,,,,,,,,,,,,,,,,,,,,,,,,,,,,,,,,,,,,,,,,,,,,,,,,,,,,
能耗,,,,,,,,,,,,,,,,,,,,,,,,,,,,,,,,,,,,,,,,,,,,,,,,,,,,,,,,,,,,,,,,,,,,,,,,,,,,,,,,,,,,,,,,,,,,,,,,,,,
6,0,0,0,0,0,0,0,0,0,0,0,0,0,33,,,,,,,,,,,,,,,,,,,,,,,,,,,,,,,,,,,,,,,,,,,,,,,,,,,,,,,,,,,,,,,,,,,,,,,,,,,,,,,,,,,,,
12,0,0,0,0,0,0,0,0,0,0,0,0,0,66,,,,,,,,,,,,,,,,,,,,,,,,,,,,,,,,,,,,,,,,,,,,,,,,,,,,,,,,,,,,,,,,,,,,,,,,,,,,,,,,,,,,,
18,0,0,0,0,0,0,0,0,0,0,0,0,0,99,,,,,,,,,,,,,,,,,,,,,,,,,,,,,,,,,,,,,,,,,,,,,,,,,,,,,,,,,,,,,,,,,,,,,,,,,,,,,,,,,,,,,
24,0,0,0,0,0,0,0,0,0,0,0,0,0,132,,,,,,,,,,,,,,,,,,,,,,,,,,,,,,,,,,,,,,,,,,,,,,,,,,,,,,,,,,,,,,,,,,,,,,,,,,,,,,,,,,,,,
30,0,0,0,0,0,0,0,0,0,0,0,0,0,165,,,,,,,,,,,,,,,,,,,,,,,,,,,,,,,,,,,,,,,,,,,,,,,,,,,,,,,,,,,,,,,,,,,,,,,,,,,,,,,,,,,,,
37,0,0,0,0,0,0,0,0,0,0,0,0,0,198,,,,,,,,,,,,,,,,,,,,,,,,,,,,,,,,,,,,,,,,,,,,,,,,,,,,,,,,,,,,,,,,,,,,,,,,,,,,,,,,,,,,,
43,0,0,0,0,0,0,0,0,0,0,0,0,0,231,,,,,,,,,,,,,,,,,,,,,,,,,,,,,,,,,,,,,,,,,,,,,,,,,,,,,,,,,,,,,,,,,,,,,,,,,,,,,,,,,,,,,
49,0,0,0,0,0,0,0,0,0,0,0,0,0,264,,,,,,,,,,,,,,,,,,,,,,,,,,,,,,,,,,,,,,,,,,,,,,,,,,,,,,,,,,,,,,,,,,,,,,,,,,,,,,,,,,,,,
55,0,0,0,0,0,0,0,0,0,0,0,0,0,297,,,,,,,,,,,,,,,,,,,,,,,,,,,,,,,,,,,,,,,,,,,,,,,,,,,,,,,,,,,,,,,,,,,,,,,,,,,,,,,,,,,,,
61,0,0,0,0,0,0,0,0,0,0,0,0,0,330,,,,,,,,,,,,,,,,,,,,,,,,,,,,,,,,,,,,,,,,,,,,,,,,,,,,,,,,,,,,,,,,,,,,,,,,,,,,,,,,,,,,,
68,0,0,0,0,0,0,0,0,0,0,0,0,0,363,,,,,,,,,,,,,,,,,,,,,,,,,,,,,,,,,,,,,,,,,,,,,,,,,,,,,,,,,,,,,,,,,,,,,,,,,,,,,,,,,,,,,
74,0,0,0,0,0,0,0,0,0,0,0,0,0,396,,,,,,,,,,,,,,,,,,,,,,,,,,,,,,,,,,,,,,,,,,,,,,,,,,,,,,,,,,,,,,,,,,,,,,,,,,,,,,,,,,,,,
80,0,0,0,0,0,0,0,0,0,0,0,0,0,429,,,,,,,,,,,,,,,,,,,,,,,,,,,,,,,,,,,,,,,,,,,,,,,,,,,,,,,,,,,,,,,,,,,,,,,,,,,,,,,,,,,,,
86,0,0,0,0,0,0,0,0,0,0,0,0,0,462,,,,,,,,,,,,,,,,,,,,,,,,,,,,,,,,,,,,,,,,,,,,,,,,,,,,,,,,,,,,,,,,,,,,,,,,,,,,,,,,,,,,,
92,0,0,0,0,0,0,0,0,0,0,0,0,0,495,,,,,,,,,,,,,,,,,,,,,,,,,,,,,,,,,,,,,,,,,,,,,,,,,,,,,,,,,,,,,,,,,,,,,,,,,,,,,,,,,,,,,
99,0,0,0,0,0,0,0,0,0,0,0,0,0,528,,,,,,,,,,,,,,,,,,,,,,,,,,,,,,,,,,,,,,,,,,,,,,,,,,,,,,,,,,,,,,,,,,,,,,,,,,,,,,,,,,,,,
105,0,0,0,0,0,0,0,0,0,0,0,0,0,561,,,,,,,,,,,,,,,,,,,,,,,,,,,,,,,,,,,,,,,,,,,,,,,,,,,,,,,,,,,,,,,,,,,,,,,,,,,,,,,,,,,,,
111,0,0,0,0,0,0,0,0,0,0,0,0,0,594,,,,,,,,,,,,,,,,,,,,,,,,,,,,,,,,,,,,,,,,,,,,,,,,,,,,,,,,,,,,,,,,,,,,,,,,,,,,,,,,,,,,,
117,0,0,0,0,0,0,0,0,0,0,0,0,0,627,,,,,,,,,,,,,,,,,,,,,,,,,,,,,,,,,,,,,,,,,,,,,,,,,,,,,,,,,,,,,,,,,,,,,,,,,,,,,,,,,,,,,
123,0,0,0,0,0,0,0,0,0,0,0,0,0,660,,,,,,,,,,,,,,,,,,,,,,,,,,,,,,,,,,,,,,,,,,,,,,,,,,,,,,,,,,,,,,,,,,,,,,,,,,,,,,,,,,,,,
129,0,0,0,0,0,0,0,0,0,0,0,0,0,693,,,,,,,,,,,,,,,,,,,,,,,,,,,,,,,,,,,,,,,,,,,,,,,,,,,,,,,,,,,,,,,,,,,,,,,,,,,,,,,,,,,,,
136,0,0,0,0,0,0,0,0,0,0,0,0,0,726,,,,,,,,,,,,,,,,,,,,,,,,,,,,,,,,,,,,,,,,,,,,,,,,,,,,,,,,,,,,,,,,,,,,,,,,,,,,,,,,,,,,,
142,0,0,0,0,0,0,0,0,0,0,0,0,0,759,,,,,,,,,,,,,,,,,,,,,,,,,,,,,,,,,,,,,,,,,,,,,,,,,,,,,,,,,,,,,,,,,,,,,,,,,,,,,,,,,,,,,
148,0,0,0,0,0,0,0,0,0,0,0,0,0,792,,,,,,,,,,,,,,,,,,,,,,,,,,,,,,,,,,,,,,,,,,,,,,,,,,,,,,,,,,,,,,,,,,,,,,,,,,,,,,,,,,,,,
154,0,0,0,0,0,0,0,0,0,0,0,0,0,825,,,,,,,,,,,,,,,,,,,,,,,,,,,,,,,,,,,,,,,,,,,,,,,,,,,,,,,,,,,,,,,,,,,,,,,,,,,,,,,,,,,,,
160,0,0,0,0,0,0,0,0,0,0,0,0,0,858,,,,,,,,,,,,,,,,,,,,,,,,,,,,,,,,,,,,,,,,,,,,,,,,,,,,,,,,,,,,,,,,,,,,,,,,,,,,,,,,,,,,,
167,0,0,0,0,0,0,0,0,0,0,0,0,0,891,,,,,,,,,,,,,,,,,,,,,,,,,,,,,,,,,,,,,,,,,,,,,,,,,,,,,,,,,,,,,,,,,,,,,,,,,,,,,,,,,,,,,
173,0,0,0,0,0,0,0,0,0,0,0,0,0,924,,,,,,,,,,,,,,,,,,,,,,,,,,,,,,,,,,,,,,,,,,,,,,,,,,,,,,,,,,,,,,,,,,,,,,,,,,,,,,,,,,,,,
179,0,0,0,0,0,0,0,0,0,0,0,0,0,957,,,,,,,,,,,,,,,,,,,,,,,,,,,,,,,,,,,,,,,,,,,,,,,,,,,,,,,,,,,,,,,,,,,,,,,,,,,,,,,,,,,,,
185,0,0,0,0,0,0,0,0,0,0,0,0,0,990,,,,,,,,,,,,,,,,,,,,,,,,,,,,,,,,,,,,,,,,,,,,,,,,,,,,,,,,,,,,,,,,,,,,,,,,,,,,,,,,,,,,,
191,0,0,0,0,0,0,0,0,0,0,0,0,0,1023,,,,,,,,,,,,,,,,,,,,,,,,,,,,,,,,,,,,,,,,,,,,,,,,,,,,,,,,,,,,,,,,,,,,,,,,,,,,,,,,,,,,,
198,0,0,0,0,0,0,0,0,0,0,0,0,0,1056,,,,,,,,,,,,,,,,,,,,,,,,,,,,,,,,,,,,,,,,,,,,,,,,,,,,,,,,,,,,,,,,,,,,,,,,,,,,,,,,,,,,,
204,0,0,0,0,0,0,0,0,0,0,0,0,0,1089,,,,,,,,,,,,,,,,,,,,,,,,,,,,,,,,,,,,,,,,,,,,,,,,,,,,,,,,,,,,,,,,,,,,,,,,,,,,,,,,,,,,,
210,0,0,0,0,0,0,0,0,0,0,0,0,0,1122,,,,,,,,,,,,,,,,,,,,,,,,,,,,,,,,,,,,,,,,,,,,,,,,,,,,,,,,,,,,,,,,,,,,,,,,,,,,,,,,,,,,,
216,0,0,0,0,0,0,0,0,0,0,0,0,0,1155,,,,,,,,,,,,,,,,,,,,,,,,,,,,,,,,,,,,,,,,,,,,,,,,,,,,,,,,,,,,,,,,,,,,,,,,,,,,,,,,,,,,,
222,0,0,0,0,0,0,0,0,0,0,0,0,0,1188,,,,,,,,,,,,,,,,,,,,,,,,,,,,,,,,,,,,,,,,,,,,,,,,,,,,,,,,,,,,,,,,,,,,,,,,,,,,,,,,,,,,,
228,0,0,0,0,0,0,0,0,0,0,0,0,0,1221,,,,,,,,,,,,,,,,,,,,,,,,,,,,,,,,,,,,,,,,,,,,,,,,,,,,,,,,,,,,,,,,,,,,,,,,,,,,,,,,,,,,,
235,0,0,0,0,0,0,0,0,0,0,0,0,0,1254,,,,,,,,,,,,,,,,,,,,,,,,,,,,,,,,,,,,,,,,,,,,,,,,,,,,,,,,,,,,,,,,,,,,,,,,,,,,,,,,,,,,,
241,0,0,0,0,0,0,0,0,0,0,0,0,0,1287,,,,,,,,,,,,,,,,,,,,,,,,,,,,,,,,,,,,,,,,,,,,,,,,,,,,,,,,,,,,,,,,,,,,,,,,,,,,,,,,,,,,,
247,0,0,0,0,0,0,0,0,0,0,0,0,0,1320,,,,,,,,,,,,,,,,,,,,,,,,,,,,,,,,,,,,,,,,,,,,,,,,,,,,,,,,,,,,,,,,,,,,,,,,,,,,,,,,,,,,,
253,0,0,0,0,0,0,0,0,0,0,0,0,0,1353,,,,,,,,,,,,,,,,,,,,,,,,,,,,,,,,,,,,,,,,,,,,,,,,,,,,,,,,,,,,,,,,,,,,,,,,,,,,,,,,,,,,,
259,0,0,0,0,0,0,0,0,0,0,0,0,0,1386,,,,,,,,,,,,,,,,,,,,,,,,,,,,,,,,,,,,,,,,,,,,,,,,,,,,,,,,,,,,,,,,,,,,,,,,,,,,,,,,,,,,,
266,0,0,0,0,0,0,0,0,0,0,0,0,0,1419,,,,,,,,,,,,,,,,,,,,,,,,,,,,,,,,,,,,,,,,,,,,,,,,,,,,,,,,,,,,,,,,,,,,,,,,,,,,,,,,,,,,,
272,0,0,0,0,0,0,0,0,0,0,0,0,0,1452,,,,,,,,,,,,,,,,,,,,,,,,,,,,,,,,,,,,,,,,,,,,,,,,,,,,,,,,,,,,,,,,,,,,,,,,,,,,,,,,,,,,,
278,0,0,0,0,0,0,0,0,0,0,0,0,0,1485,,,,,,,,,,,,,,,,,,,,,,,,,,,,,,,,,,,,,,,,,,,,,,,,,,,,,,,,,,,,,,,,,,,,,,,,,,,,,,,,,,,,,
284,0,0,0,0,0,0,0,0,0,0,0,0,0,1518,,,,,,,,,,,,,,,,,,,,,,,,,,,,,,,,,,,,,,,,,,,,,,,,,,,,,,,,,,,,,,,,,,,,,,,,,,,,,,,,,,,,,
290,0,0,0,0,0,0,0,0,0,0,0,0,0,1551,,,,,,,,,,,,,,,,,,,,,,,,,,,,,,,,,,,,,,,,,,,,,,,,,,,,,,,,,,,,,,,,,,,,,,,,,,,,,,,,,,,,,
297,0,0,0,0,0,0,0,0,0,0,0,0,0,1584,,,,,,,,,,,,,,,,,,,,,,,,,,,,,,,,,,,,,,,,,,,,,,,,,,,,,,,,,,,,,,,,,,,,,,,,,,,,,,,,,,,,,
303,0,0,0,0,0,0,0,0,0,0,0,0,0,1617,,,,,,,,,,,,,,,,,,,,,,,,,,,,,,,,,,,,,,,,,,,,,,,,,,,,,,,,,,,,,,,,,,,,,,,,,,,,,,,,,,,,,
309,0,0,0,0,0,0,0,0,0,0,0,0,0,1650,,,,,,,,,,,,,,,,,,,,,,,,,,,,,,,,,,,,,,,,,,,,,,,,,,,,,,,,,,,,,,,,,,,,,,,,,,,,,,,,,,,,,
315,0,0,0,0,0,0,0,0,0,0,0,0,0,1683,,,,,,,,,,,,,,,,,,,,,,,,,,,,,,,,,,,,,,,,,,,,,,,,,,,,,,,,,,,,,,,,,,,,,,,,,,,,,,,,,,,,,
321,0,0,0,0,0,0,0,0,0,0,0,0,0,1716,,,,,,,,,,,,,,,,,,,,,,,,,,,,,,,,,,,,,,,,,,,,,,,,,,,,,,,,,,,,,,,,,,,,,,,,,,,,,,,,,,,,,
328,0,0,0,0,0,0,0,0,0,0,0,0,0,1749,,,,,,,,,,,,,,,,,,,,,,,,,,,,,,,,,,,,,,,,,,,,,,,,,,,,,,,,,,,,,,,,,,,,,,,,,,,,,,,,,,,,,
334,0,0,0,0,0,0,0,0,0,0,0,0,0,1782,,,,,,,,,,,,,,,,,,,,,,,,,,,,,,,,,,,,,,,,,,,,,,,,,,,,,,,,,,,,,,,,,,,,,,,,,,,,,,,,,,,,,
340,0,0,0,0,0,0,0,0,0,0,0,0,0,1815,,,,,,,,,,,,,,,,,,,,,,,,,,,,,,,,,,,,,,,,,,,,,,,,,,,,,,,,,,,,,,,,,,,,,,,,,,,,,,,,,,,,,
346,0,0,0,0,0,0,0,0,0,0,0,0,0,1848,,,,,,,,,,,,,,,,,,,,,,,,,,,,,,,,,,,,,,,,,,,,,,,,,,,,,,,,,,,,,,,,,,,,,,,,,,,,,,,,,,,,,
352,0,0,0,0,0,0,0,0,0,0,0,0,0,1881,,,,,,,,,,,,,,,,,,,,,,,,,,,,,,,,,,,,,,,,,,,,,,,,,,,,,,,,,,,,,,,,,,,,,,,,,,,,,,,,,,,,,
358,0,0,0,0,0,0,0,0,0,0,0,0,0,1914,,,,,,,,,,,,,,,,,,,,,,,,,,,,,,,,,,,,,,,,,,,,,,,,,,,,,,,,,,,,,,,,,,,,,,,,,,,,,,,,,,,,,
365,0,0,0,0,0,0,0,0,0,0,0,0,0,1947,,,,,,,,,,,,,,,,,,,,,,,,,,,,,,,,,,,,,,,,,,,,,,,,,,,,,,,,,,,,,,,,,,,,,,,,,,,,,,,,,,,,,
371,0,0,0,0,0,0,0,0,0,0,0,0,0,1980,,,,,,,,,,,,,,,,,,,,,,,,,,,,,,,,,,,,,,,,,,,,,,,,,,,,,,,,,,,,,,,,,,,,,,,,,,,,,,,,,,,,,
377,0,0,0,0,0,0,0,0,0,0,0,0,0,2013,,,,,,,,,,,,,,,,,,,,,,,,,,,,,,,,,,,,,,,,,,,,,,,,,,,,,,,,,,,,,,,,,,,,,,,,,,,,,,,,,,,,,
383,0,0,0,0,0,0,0,0,0,0,0,0,0,2046,,,,,,,,,,,,,,,,,,,,,,,,,,,,,,,,,,,,,,,,,,,,,,,,,,,,,,,,,,,,,,,,,,,,,,,,,,,,,,,,,,,,,
389,0,0,0,0,0,0,0,0,0,0,0,0,0,2079,,,,,,,,,,,,,,,,,,,,,,,,,,,,,,,,,,,,,,,,,,,,,,,,,,,,,,,,,,,,,,,,,,,,,,,,,,,,,,,,,,,,,
396,0,0,0,0,0,0,0,0,0,0,0,0,0,2112,,,,,,,,,,,,,,,,,,,,,,,,,,,,,,,,,,,,,,,,,,,,,,,,,,,,,,,,,,,,,,,,,,,,,,,,,,,,,,,,,,,,,
402,0,0,0,0,0,0,0,0,0,0,0,0,0,2145,,,,,,,,,,,,,,,,,,,,,,,,,,,,,,,,,,,,,,,,,,,,,,,,,,,,,,,,,,,,,,,,,,,,,,,,,,,,,,,,,,,,,
408,0,0,0,0,0,0,0,0,0,0,0,0,0,2178,,,,,,,,,,,,,,,,,,,,,,,,,,,,,,,,,,,,,,,,,,,,,,,,,,,,,,,,,,,,,,,,,,,,,,,,,,,,,,,,,,,,,
414,0,0,0,0,0,0,0,0,0,0,0,0,0,2211,,,,,,,,,,,,,,,,,,,,,,,,,,,,,,,,,,,,,,,,,,,,,,,,,,,,,,,,,,,,,,,,,,,,,,,,,,,,,,,,,,,,,
420,0,0,0,0,0,0,0,0,0,0,0,0,0,2244,,,,,,,,,,,,,,,,,,,,,,,,,,,,,,,,,,,,,,,,,,,,,,,,,,,,,,,,,,,,,,,,,,,,,,,,,,,,,,,,,,,,,
427,0,0,0,0,0,0,0,0,0,0,0,0,0,2277,,,,,,,,,,,,,,,,,,,,,,,,,,,,,,,,,,,,,,,,,,,,,,,,,,,,,,,,,,,,,,,,,,,,,,,,,,,,,,,,,,,,,
433,0,0,0,0,0,0,0,0,0,0,0,0,0,2310,,,,,,,,,,,,,,,,,,,,,,,,,,,,,,,,,,,,,,,,,,,,,,,,,,,,,,,,,,,,,,,,,,,,,,,,,,,,,,,,,,,,,
439,0,0,0,0,0,0,0,0,0,0,0,0,0,2343,,,,,,,,,,,,,,,,,,,,,,,,,,,,,,,,,,,,,,,,,,,,,,,,,,,,,,,,,,,,,,,,,,,,,,,,,,,,,,,,,,,,,
445,0,0,0,0,0,0,0,0,0,0,0,0,0,2376,,,,,,,,,,,,,,,,,,,,,,,,,,,,,,,,,,,,,,,,,,,,,,,,,,,,,,,,,,,,,,,,,,,,,,,,,,,,,,,,,,,,,
451,0,0,0,0,0,0,0,0,0,0,0,0,0,2409,,,,,,,,,,,,,,,,,,,,,,,,,,,,,,,,,,,,,,,,,,,,,,,,,,,,,,,,,,,,,,,,,,,,,,,,,,,,,,,,,,,,,
457,0,0,0,0,0,0,0,0,0,0,0,0,0,2442,,,,,,,,,,,,,,,,,,,,,,,,,,,,,,,,,,,,,,,,,,,,,,,,,,,,,,,,,,,,,,,,,,,,,,,,,,,,,,,,,,,,,
464,0,0,0,0,0,0,0,0,0,0,0,0,0,2475,,,,,,,,,,,,,,,,,,,,,,,,,,,,,,,,,,,,,,,,,,,,,,,,,,,,,,,,,,,,,,,,,,,,,,,,,,,,,,,,,,,,,
470,0,0,0,0,0,0,0,0,0,0,0,0,0,2508,,,,,,,,,,,,,,,,,,,,,,,,,,,,,,,,,,,,,,,,,,,,,,,,,,,,,,,,,,,,,,,,,,,,,,,,,,,,,,,,,,,,,
476,0,0,0,0,0,0,0,0,0,0,0,0,0,2541,,,,,,,,,,,,,,,,,,,,,,,,,,,,,,,,,,,,,,,,,,,,,,,,,,,,,,,,,,,,,,,,,,,,,,,,,,,,,,,,,,,,,
482,0,0,0,0,0,0,0,0,0,0,0,0,0,2574,,,,,,,,,,,,,,,,,,,,,,,,,,,,,,,,,,,,,,,,,,,,,,,,,,,,,,,,,,,,,,,,,,,,,,,,,,,,,,,,,,,,,
488,0,0,0,0,0,0,0,0,0,0,0,0,0,2607,,,,,,,,,,,,,,,,,,,,,,,,,,,,,,,,,,,,,,,,,,,,,,,,,,,,,,,,,,,,,,,,,,,,,,,,,,,,,,,,,,,,,
495,0,0,0,0,0,0,0,0,0,0,0,0,0,2640,,,,,,,,,,,,,,,,,,,,,,,,,,,,,,,,,,,,,,,,,,,,,,,,,,,,,,,,,,,,,,,,,,,,,,,,,,,,,,,,,,,,,
501,0,0,0,0,0,0,0,0,0,0,0,0,0,2673,,,,,,,,,,,,,,,,,,,,,,,,,,,,,,,,,,,,,,,,,,,,,,,,,,,,,,,,,,,,,,,,,,,,,,,,,,,,,,,,,,,,,
507,0,0,0,0,0,0,0,0,0,0,0,0,0,2706,,,,,,,,,,,,,,,,,,,,,,,,,,,,,,,,,,,,,,,,,,,,,,,,,,,,,,,,,,,,,,,,,,,,,,,,,,,,,,,,,,,,,
513,0,0,0,0,0,0,0,0,0,0,0,0,0,2739,,,,,,,,,,,,,,,,,,,,,,,,,,,,,,,,,,,,,,,,,,,,,,,,,,,,,,,,,,,,,,,,,,,,,,,,,,,,,,,,,,,,,
519,0,0,0,0,0,0,0,0,0,0,0,0,0,2772,,,,,,,,,,,,,,,,,,,,,,,,,,,,,,,,,,,,,,,,,,,,,,,,,,,,,,,,,,,,,,,,,,,,,,,,,,,,,,,,,,,,,
526,0,0,0,0,0,0,0,0,0,0,0,0,0,2805,,,,,,,,,,,,,,,,,,,,,,,,,,,,,,,,,,,,,,,,,,,,,,,,,,,,,,,,,,,,,,,,,,,,,,,,,,,,,,,,,,,,,
532,0,0,0,0,0,0,0,0,0,0,0,0,0,2838,,,,,,,,,,,,,,,,,,,,,,,,,,,,,,,,,,,,,,,,,,,,,,,,,,,,,,,,,,,,,,,,,,,,,,,,,,,,,,,,,,,,,
538,0,0,0,0,0,0,0,0,0,0,0,0,0,2871,,,,,,,,,,,,,,,,,,,,,,,,,,,,,,,,,,,,,,,,,,,,,,,,,,,,,,,,,,,,,,,,,,,,,,,,,,,,,,,,,,,,,
544,0,0,0,0,0,0,0,0,0,0,0,0,0,2904,,,,,,,,,,,,,,,,,,,,,,,,,,,,,,,,,,,,,,,,,,,,,,,,,,,,,,,,,,,,,,,,,,,,,,,,,,,,,,,,,,,,,
550,0,0,0,0,0,0,0,0,0,0,0,0,0,2937,,,,,,,,,,,,,,,,,,,,,,,,,,,,,,,,,,,,,,,,,,,,,,,,,,,,,,,,,,,,,,,,,,,,,,,,,,,,,,,,,,,,,
557,0,0,0,0,0,0,0,0,0,0,0,0,0,2970,,,,,,,,,,,,,,,,,,,,,,,,,,,,,,,,,,,,,,,,,,,,,,,,,,,,,,,,,,,,,,,,,,,,,,,,,,,,,,,,,,,,,
563,0,0,0,0,0,0,0,0,0,0,0,0,0,3003,,,,,,,,,,,,,,,,,,,,,,,,,,,,,,,,,,,,,,,,,,,,,,,,,,,,,,,,,,,,,,,,,,,,,,,,,,,,,,,,,,,,,
569,0,0,0,0,0,0,0,0,0,0,0,0,0,3036,,,,,,,,,,,,,,,,,,,,,,,,,,,,,,,,,,,,,,,,,,,,,,,,,,,,,,,,,,,,,,,,,,,,,,,,,,,,,,,,,,,,,
575,0,0,0,0,0,0,0,0,0,0,0,0,0,3069,,,,,,,,,,,,,,,,,,,,,,,,,,,,,,,,,,,,,,,,,,,,,,,,,,,,,,,,,,,,,,,,,,,,,,,,,,,,,,,,,,,,,
581,0,0,0,0,0,0,0,0,0,0,0,0,0,3102,,,,,,,,,,,,,,,,,,,,,,,,,,,,,,,,,,,,,,,,,,,,,,,,,,,,,,,,,,,,,,,,,,,,,,,,,,,,,,,,,,,,,
587,0,0,0,0,0,0,0,0,0,0,0,0,0,3135,,,,,,,,,,,,,,,,,,,,,,,,,,,,,,,,,,,,,,,,,,,,,,,,,,,,,,,,,,,,,,,,,,,,,,,,,,,,,,,,,,,,,
594,0,0,0,0,0,0,0,0,0,0,0,0,0,3168,,,,,,,,,,,,,,,,,,,,,,,,,,,,,,,,,,,,,,,,,,,,,,,,,,,,,,,,,,,,,,,,,,,,,,,,,,,,,,,,,,,,,
600,0,0,0,0,0,0,0,0,0,0,0,0,0,3201,,,,,,,,,,,,,,,,,,,,,,,,,,,,,,,,,,,,,,,,,,,,,,,,,,,,,,,,,,,,,,,,,,,,,,,,,,,,,,,,,,,,,
606,0,0,0,0,0,0,0,0,0,0,0,0,0,3234,,,,,,,,,,,,,,,,,,,,,,,,,,,,,,,,,,,,,,,,,,,,,,,,,,,,,,,,,,,,,,,,,,,,,,,,,,,,,,,,,,,,,
612,0,0,0,0,0,0,0,0,0,0,0,0,0,3267,,,,,,,,,,,,,,,,,,,,,,,,,,,,,,,,,,,,,,,,,,,,,,,,,,,,,,,,,,,,,,,,,,,,,,,,,,,,,,,,,,,,,
618,0,0,0,0,0,0,0,0,0,0,0,0,0,3300,,,,,,,,,,,,,,,,,,,,,,,,,,,,,,,,,,,,,,,,,,,,,,,,,,,,,,,,,,,,,,,,,,,,,,,,,,,,,,,,,,,,,
调度方案
0,0,0,0,0,0,0,0,0,0,0,0,0,0,0
0,0,0,0,0,0,0,0,0,0,0,0,0,0,0
0,0,0,0,0,0,0,0,0,0,0,0,0,0,0
0,0,0,0,0,0,0,0,0,0,0,0,0,0,0
0,0,0,0,0,0,0,0,0,0,0,0,0,0,0
0,0,0,0,0,0,0,0,0,0,0,0,0,0,0
0,0,0,0,0,0,0,0,0,0,0,0,0,0,0
0,0,0,0,0,0,0,0,0,0,0,0,0,0,0
0,0,0,0,0,0,0,0,0,0,0,0,0,0,0
0,0,0,0,0,0,0,0,0,0,0,0,0,0,0
0,0,0,0,0,0,0,0,0,0,0,0,0,0,0
0,0,0,0,0,0,0,0,0,0,0,0,0,0,0
0,0,0,0,0,0,0,0,0,0,0,0,0,0,0
0,0,0,0,0,0,0,0,0,0,0,0,0,0,0
0,0,0,0,0,0,0,0,0,0,0,0,0,0,0
0,0,0,0,0,0,0,0,0,0,0,0,0,0,0
0,0,0,0,0,0,0,0,0,0,0,0,0,0,0
0,0,0,0,0,0,0,0,0,0,0,0,0,0,0
0,0,0,0,0,0,0,0,0,0,0,0,0,0,0
0,0,0,0,0,0,0,0,0,0,0,0,0,0,0
0,0,0,0,0,0,0,0,0,0,0,0,0,0,0
0,0,0,0,0,0,0,0,0,0,0,0,0,0,0
0,0,0,0,0,0,0,0,0,0,0,0,0,0,0
0,0,0,0,0,0,0,0,0,0,0,0,0,0,0
0,0,0,0,0,0,0,0,0,0,0,0,0,0,0
0,0,0,0,0,0,0,0,0,0,0,0,0,0,0
0,0,0,0,0,0,0,0,0,0,0,0,0,0,0
0,0,0,0,0,0,0,0,0,0,0,0,0,0,0
0,0,0,0,0,0,0,0,0,0,0,0,0,0,0
0,0,0,0,0,0,0,0,0,0,0,0,0,0,0
0,0,0,0,0,0,0,0,0,0,0,0,0,0,0
0,0,0,0,0,0,0,0,0,0,0,0,0,0,0
0,0,0,0,0,0,0,0,0,0,0,0,0,0,0
0,0,0,0,0,0,0,0,0,0,0,0,0,0,0
0,0,0,0,0,0,0,0,0,0,0,0,0,0,0
0,0,0,0,0,0,0,0,0,0,0,0,0,0,0
0,0,0,0,0,0,0,0,0,0,0,0,0,0,0
0,0,0,0,0,0,0,0,0,0,0,0,0,0,0
0,0,0,0,0,0,0,0,0,0,0,0,0,0,0
0,0,0,0,0,0,0,0,0,0,0,0,0,0,0
0,0,0,0,0,0,0,0,0,0,0,0,0,0,0
0,0,0,0,0,0,0,0,0,0,0,0,0,0,0
0,0,0,0,0,0,0,0,0,0,0,0,0,0,0
0,0,0,0,0,0,0,0,0,0,0,0,0,0,0
0,0,0,0,0,0,0,0,0,0,0,0,0,0,0
0,0,0,0,0,0,0,0,0,0,0,0,0,0,0
0,0,0,0,0,0,0,0,0,0,0,0,0,0,0
0,0,0,0,0,0,0,0,0,0,0,0,0,0,0
0,0,0,0,0,0,0,0,0,0,0,0,0,0,0
0,0,0,0,0,0,0,0,0,0,0,0,0,0,0
0,0,0,0,0,0,0,0,0,0,0,0,0,0,0
0,0,0,0,0,0,0,0,0,0,0,0,0,0,0
0,0,0,0,0,0,0,0,0,0,0,0,0,0,0
0,0,0,0,0,0,0,0,0,0,0,0,0,0,0
0,0,0,0,0,0,0,0,0,0,0,0,0,0,0
0,0,0,0,0,0,0,0,0,0,0,0,0,0,0
0,0,0,0,0,0,0,0,0,0,0,0,0,0,0
0,0,0,0,0,0,0,0,0,0,0,0,0,0,0
0,0,0,0,0,0,0,0,0,0,0,0,0,0,0
0,0,0,0,0,0,0,0,0,0,0,0,0,0,0
0,0,0,0,0,0,0,0,0,0,0,0,0,0,0
0,0,0,0,0,0,0,0,0,0,0,0,0,0,0
0,0,0,0,0,0,0,0,0,0,0,0,0,0,0
0,0,0,0,0,0,0,0,0,0,0,0,0,0,0
0,0,0,0,0,0,0,0,0,0,0,0,0,0,0
0,0,0,0,0,0,0,0,0,0,0,0,0,0,0
0,0,0,0,0,0,0,0,0,0,0,0,0,0,0
0,0,0,0,0,0,0,0,0,0,0,0,0,0,0
0,0,0,0,0,0,0,0,0,0,0,0,0,0,0
0,0,0,0,0,0,0,0,0,0,0,0,0,0,0
0,0,0,0,0,0,0,0,0,0,0,0,0,0,0
0,0,0,0,0,0,0,0,0,0,0,0,0,0,0
0,0,0,0,0,0,0,0,0,0,0,0,0,0,0
0,0,0,0,0,0,0,0,0,0,0,0,0,0,0
0,0,0,0,0,0,0,0,0,0,0,0,0,0,0
0,0,0,0,0,0,0,0,0,0,0,0,0,0,0
0,0,0,0,0,0,0,0,0,0,0,0,0,0,0
0,0,0,0,0,0,0,0,0,0,0,0,0,0,0
0,0,0,0,0,0,0,0,0,0,0,0,0,0,0
0,0,0,0,0,0,0,0,0,0,0,0,0,0,0
0,0,0,0,0,0,0,0,0,0,0,0,0,0,0
0,0,0,0,0,0,0,0,0,0,0,0,0,0,0
0,0,0,0,0,0,0,0,0,0,0,0,0,0,0
0,0,0,0,0,0,0,0,0,0,0,0,0,0,0
0,0,0,0,0,0,0,0,0,0,0,0,0,0,0
0,0,0,0,0,0,0,0,0,0,0,0,0,0,0
0,0,0,0,0,0,0,0,0,0,0,0,0,0,0
0,0,0,0,0,0,0,0,0,0,0,0,0,0,0
0,0,0,0,0,0,0,0,0,0,0,0,0,0,0
0,0,0,0,0,0,0,0,0,0,0,0,0,0,0
0,0,0,0,0,0,0,0,0,0,0,0,0,0,0
0,0,0,0,0,0,0,0,0,0,0,0,0,0,0
0,0,0,0,0,0,0,0,0,0,0,0,0,0,0
0,0,0,0,0,0,0,0,0,0,0,0,0,0,0
0,0,0,0,0,0,0,0,0,0,0,0,0,0,0
0,0,0,0,0,0,0,0,0,0,0,0,0,0,0
0,0,0,0,0,0,0,0,0,0,0,0,0,0,0
0,0,0,0,0,0,0,0,0,0,0,0,0,0,0
0,0,0,0,0,0,0,0,0,0,0,0,0,0,0
0,0,0,0,0,0,0,0,0,0,0,0,0,0,0
适应度值
390.0,780.0,1170.0,1560.0,1950.0000000000005,2350.0,274.0,3129.9999999999995,3520.0,3910.000000000001,431.0,4700.0,5090.0,548.0,5870.000000000001,6270.000000000001,666.0,7050.0,7440.0,7830.000000000002,8220.0,862.0,9010.0,9400.0,9790.000000000004,10180.0,10580.000000000002,1097.0,1136.0,11750.000000000004,12140.0,12540.000000000002,12930.0,1332.0,13710.000000000002,14100.0,1449.0,14890.0,1528.0,15670.000000000004,1606.0,16450.0,16850.0,1724.0,1763.0,18020.0,18410.0,18810.0,19200.0,19590.000000000007,1998.0,20370.0,20770.000000000004,21160.000000000004,21550.0,2194.0,22330.00000000001,2272.0,2312.0,23510.0,2390.0,24290.0,24680.000000000004,25080.000000000004,2547.0,25860.0,26250.000000000007,2664.0,27040.000000000004,27430.0,2782.0,28210.0,28600.000000000007,2899.0,2939.0,29780.0,30170.0,3056.0,30950.0,31350.000000000007,31740.0,3213.0,32520.0,32910.0,33310.00000000001,33700.0,3409.0,3448.0,34870.0,3527.0,35660.0,36050.0,36440.00000000001,36830.0,3722.0,37620.0,38010.0,38400.0,38790.0,39180.000000000015
时间
0.0005155875862068966,2.3869793103448274e-06,0.0013749,1.1934896551724137e-06,0.0013749,5.967448275862069e-07,0.0013749,2.9837241379310343e-07,0.0013749,1.4918620689655171e-07,0.0013749,2.9837241379310343e-07,0.0054996,0.0109992,0.00014918620689655172
0.0010311751724137932,4.773958620689655e-06,0.0027498,2.3869793103448274e-06,0.0027498,1.1934896551724137e-06,0.0027498,5.967448275862069e-07,0.0027498,2.9837241379310343e-07,0.0027498,5.967448275862069e-07,0.0109992,0.0219984,0.00029837241379310344
0.0015467627586206896,7.160937931034482e-06,0.0041247,3.580468965517241e-06,0.0041247,1.7902344827586205e-06,0.0041247,8.951172413793102e-07,0.0041247,4.475586206896551e-07,0.0041247,8.951172413793102e-07,0.0164988,0.0329976,0.0004475586206896552
0.0020623503448275863,9.54791724137931e-06,0.0054996,4.773958620689655e-06,0.0054996,2.3869793103448274e-06,0.0054996,1.1934896551724137e-06,0.0054996,5.967448275862069e-07,0.0054996,1.1934896551724137e-06,0.0219984,0.0439968,0.0005967448275862069
0.0025779379310344828,1.1934896551724137e-05,0.0068745,5.967448275862068e-06,0.0068745,2.983724137931034e-06,0.0068745,1.491862068965517e-06,0.0068745,7.459310344827585e-07,0.0068745,1.491862068965517e-06,0.027498,0.054996,0.0007459310344827587
0.0030935255172413792,1.4321875862068964e-05,0.0082494,7.160937931034482e-06,0.0082494,3.580468965517241e-06,0.0082494,1.7902344827586205e-06,0.0082494,8.951172413793102e-07,0.0082494,1.7902344827586205e-06,0.0329976,0.0659952,0.0008951172413793104
0.003609113103448276,1.6708855172413792e-05,0.0096243,8.354427586206896e-06,0.0096243,4.177213793103448e-06,0.0096243,2.088606896551724e-06,0.0096243,1.044303448275862e-06,0.0096243,2.088606896551724e-06,0.0384972,0.0769944,0.001044303448275862
0.004124700689655173,1.909583448275862e-05,0.0109992,9.54791724137931e-06,0.0109992,4.773958620689655e-06,0.0109992,2.3869793103448274e-06,0.0109992,1.1934896551724137e-06,0.0109992,2.3869793103448274e-06,0.0439968,0.0879936,0.0011934896551724138
0.004640288275862069,2.1482813793103446e-05,0.0123741,1.0741406896551723e-05,0.0123741,5.370703448275862e-06,0.0123741,2.685351724137931e-06,0.0123741,1.3426758620689654e-06,0.0123741,2.685351724137931e-06,0.0494964,0.0989928,0.0013426758620689657
0.0051558758620689656,2.3869793103448273e-05,0.013749,1.1934896551724137e-05,0.013749,5.967448275862068e-06,0.013749,2.983724137931034e-06,0.013749,1.491862068965517e-06,0.013749,2.983724137931034e-06,0.054996,0.109992,0.0014918620689655174
0.0056714634482758625,2.6256772413793104e-05,0.015123900000000001,1.3128386206896552e-05,0.015123900000000001,6.564193103448276e-06,0.015123900000000001,3.282096551724138e-06,0.015123900000000001,1.641048275862069e-06,0.015123900000000001,3.282096551724138e-06,0.060495600000000004,0.12099120000000001,0.001641048275862069
0.0061870510344827585,2.8643751724137927e-05,0.0164988,1.4321875862068964e-05,0.0164988,7.160937931034482e-06,0.0164988,3.580468965517241e-06,0.0164988,1.7902344827586205e-06,0.0164988,3.580468965517241e-06,0.0659952,0.1319904,0.0017902344827586208
0.0067026386206896545,3.103073103448276e-05,0.0178737,1.551536551724138e-05,0.0178737,7.75768275862069e-06,0.0178737,3.878841379310345e-06,0.0178737,1.9394206896551724e-06,0.0178737,3.878841379310345e-06,0.0714948,0.1429896,0.0019394206896551725
0.007218226206896552,3.3417710344827585e-05,0.0192486,1.6708855172413792e-05,0.0192486,8.354427586206896e-06,0.0192486,4.177213793103448e-06,0.0192486,2.088606896551724e-06,0.0192486,4.177213793103448e-06,0.0769944,0.1539888,0.002088606896551724
0.007733813793103448,3.580468965517241e-05,0.020623500000000003,1.7902344827586206e-05,0.020623500000000003,8.951172413793103e-06,0.020623500000000003,4.4755862068965515e-06,0.020623500000000003,2.2377931034482757e-06,0.020623500000000003,4.4755862068965515e-06,0.08249400000000001,0.16498800000000002,0.002237793103448276
0.008249401379310345,3.819166896551724e-05,0.0219984,1.909583448275862e-05,0.0219984,9.54791724137931e-06,0.0219984,4.773958620689655e-06,0.0219984,2.3869793103448274e-06,0.0219984,4.773958620689655e-06,0.0879936,0.1759872,0.0023869793103448275
0.00876498896551724,4.0578648275862066e-05,0.0233733,2.0289324137931033e-05,0.0233733,1.0144662068965516e-05,0.0233733,5.072331034482758e-06,0.0233733,2.536165517241379e-06,0.0233733,5.072331034482758e-06,0.0934932,0.1869864,0.0025361655172413794
0.009280576551724137,4.296562758620689e-05,0.0247482,2.1482813793103446e-05,0.0247482,1.0741406896551723e-05,0.0247482,5.370703448275862e-06,0.0247482,2.685351724137931e-06,0.0247482,5.370703448275862e-06,0.0989928,0.1979856,0.0026853517241379314
0.009796164137931034,4.535260689655172e-05,0.026123100000000003,2.267630344827586e-05,0.026123100000000003,1.133815172413793e-05,0.026123100000000003,5.669075862068965e-06,0.026123100000000003,2.8345379310344825e-06,0.026123100000000003,5.669075862068965e-06,0.10449240000000001,0.20898480000000003,0.002834537931034483
0.010311751724137931,4.773958620689655e-05,0.027498,2.3869793103448273e-05,0.027498,1.1934896551724137e-05,0.027498,5.967448275862068e-06,0.027498,2.983724137931034e-06,0.027498,5.967448275862068e-06,0.109992,0.219984,0.0029837241379310347
0.010827339310344826,5.0126565517241374e-05,0.0288729,2.5063282758620687e-05,0.0288729,1.2531641379310343e-05,0.0288729,6.265820689655172e-06,0.0288729,3.132910344827586e-06,0.0288729,6.265820689655172e-06,0.1154916,0.2309832,0.0031329103448275867
0.011342926896551725,5.251354482758621e-05,0.030247800000000002,2.6256772413793104e-05,0.030247800000000002,1.3128386206896552e-05,0.030247800000000002,6.564193103448276e-06,0.030247800000000002,3.282096551724138e-06,0.030247800000000002,6.564193103448276e-06,0.12099120000000001,0.24198240000000001,0.003282096551724138
0.01185851448275862,5.4900524137931034e-05,0.031622700000000004,2.7450262068965517e-05,0.031622700000000004,1.3725131034482759e-05,0.031622700000000004,6.862565517241379e-06,0.031622700000000004,3.4312827586206897e-06,0.031622700000000004,6.862565517241379e-06,0.12649080000000001,0.25298160000000003,0.00343128275862069
0.012374102068965517,5.7287503448275855e-05,0.0329976,2.8643751724137927e-05,0.0329976,1.4321875862068964e-05,0.0329976,7.160937931034482e-06,0.0329976,3.580468965517241e-06,0.0329976,7.160937931034482e-06,0.1319904,0.2639808,0.0035804689655172415
0.012889689655172412,5.967448275862068e-05,0.0343725,2.983724137931034e-05,0.0343725,1.491862068965517e-05,0.0343725,7.459310344827585e-06,0.0343725,3.7296551724137926e-06,0.0343725,7.459310344827585e-06,0.13749,0.27498,0.0037296551724137934
0.013405277241379309,6.206146206896552e-05,0.0357474,3.103073103448276e-05,0.0357474,1.551536551724138e-05,0.0357474,7.75768275862069e-06,0.0357474,3.878841379310345e-06,0.0357474,7.75768275862069e-06,0.1429896,0.2859792,0.003878841379310345
0.013920864827586206,6.444844137931033e-05,0.037122300000000004,3.2224220689655164e-05,0.037122300000000004,1.6112110344827582e-05,0.037122300000000004,8.056055172413791e-06,0.037122300000000004,4.0280275862068956e-06,0.037122300000000004,8.056055172413791e-06,0.14848920000000002,0.29697840000000003,0.004028027586206897
0.014436452413793105,6.683542068965517e-05,0.0384972,3.3417710344827585e-05,0.0384972,1.6708855172413792e-05,0.0384972,8.354427586206896e-06,0.0384972,4.177213793103448e-06,0.0384972,8.354427586206896e-06,0.1539888,0.3079776,0.004177213793103448
0.01495204,6.92224e-05,0.0398721,3.46112e-05,0.0398721,1.73056e-05,0.0398721,8.6528e-06,0.0398721,4.3264e-06,0.0398721,8.6528e-06,0.1594884,0.3189768,0.0043264
0.015467627586206897,7.160937931034482e-05,0.041247000000000006,3.580468965517241e-05,0.041247000000000006,1.7902344827586206e-05,0.041247000000000006,8.951172413793103e-06,0.041247000000000006,4.4755862068965515e-06,0.041247000000000006,8.951172413793103e-06,0.16498800000000002,0.32997600000000005,0.004475586206896552
0.01598321517241379,7.399635862068965e-05,0.042621900000000004,3.6998179310344825e-05,0.042621900000000004,1.8499089655172413e-05,0.042621900000000004,9.249544827586206e-06,0.042621900000000004,4.624772413793103e-06,0.042621900000000004,9.249544827586206e-06,0.17048760000000002,0.34097520000000003,0.004624772413793104
0.01649880275862069,7.638333793103448e-05,0.0439968,3.819166896551724e-05,0.0439968,1.909583448275862e-05,0.0439968,9.54791724137931e-06,0.0439968,4.773958620689655e-06,0.0439968,9.54791724137931e-06,0.1759872,0.3519744,0.004773958620689655
0.017014390344827587,7.87703172413793e-05,0.0453717,3.938515862068965e-05,0.0453717,1.9692579310344826e-05,0.0453717,9.846289655172413e-06,0.0453717,4.9231448275862065e-06,0.0453717,9.846289655172413e-06,0.1814868,0.3629736,0.004923144827586207
0.01752997793103448,8.115729655172413e-05,0.0467466,4.0578648275862066e-05,0.0467466,2.0289324137931033e-05,0.0467466,1.0144662068965516e-05,0.0467466,5.072331034482758e-06,0.0467466,1.0144662068965516e-05,0.1869864,0.3739728,0.005072331034482759
0.018045565517241378,8.354427586206896e-05,0.048121500000000005,4.177213793103448e-05,0.048121500000000005,2.088606896551724e-05,0.048121500000000005,1.044303448275862e-05,0.048121500000000005,5.22151724137931e-06,0.048121500000000005,1.044303448275862e-05,0.19248600000000002,0.38497200000000004,0.005221517241379311
0.018561153103448275,8.593125517241379e-05,0.0494964,4.296562758620689e-05,0.0494964,2.1482813793103446e-05,0.0494964,1.0741406896551723e-05,0.0494964,5.370703448275862e-06,0.0494964,1.0741406896551723e-05,0.1979856,0.3959712,0.005370703448275863
0.01907674068965517,8.831823448275861e-05,0.0508713,4.4159117241379306e-05,0.0508713,2.2079558620689653e-05,0.0508713,1.1039779310344827e-05,0.0508713,5.519889655172413e-06,0.0508713,1.1039779310344827e-05,0.2034852,0.4069704,0.005519889655172414
0.01959232827586207,9.070521379310344e-05,0.052246200000000007,4.535260689655172e-05,0.052246200000000007,2.267630344827586e-05,0.052246200000000007,1.133815172413793e-05,0.052246200000000007,5.669075862068965e-06,0.052246200000000007,1.133815172413793e-05,0.20898480000000003,0.41796960000000005,0.005669075862068966
0.020107915862068965,9.309219310344827e-05,0.053621100000000005,4.654609655172413e-05,0.053621100000000005,2.3273048275862067e-05,0.053621100000000005,1.1636524137931033e-05,0.053621100000000005,5.818262068965517e-06,0.053621100000000005,1.1636524137931033e-05,0.21448440000000002,0.42896880000000004,0.005818262068965518
0.020623503448275862,9.54791724137931e-05,0.054996,4.773958620689655e-05,0.054996,2.3869793103448273e-05,0.054996,1.1934896551724137e-05,0.054996,5.967448275862068e-06,0.054996,1.1934896551724137e-05,0.219984,0.439968,0.0059674482758620695
0.02113909103448276,9.786615172413792e-05,0.0563709,4.893307586206896e-05,0.0563709,2.446653793103448e-05,0.0563709,1.223326896551724e-05,0.0563709,6.11663448275862e-06,0.0563709,1.223326896551724e-05,0.2254836,0.4509672,0.0061166344827586205
0.021654678620689653,0.00010025313103448275,0.0577458,5.0126565517241374e-05,0.0577458,2.5063282758620687e-05,0.0577458,1.2531641379310343e-05,0.0577458,6.265820689655172e-06,0.0577458,1.2531641379310343e-05,0.2309832,0.4619664,0.006265820689655173
0.022170266206896553,0.00010264011034482757,0.059120700000000005,5.132005517241379e-05,0.059120700000000005,2.5660027586206894e-05,0.059120700000000005,1.2830013793103447e-05,0.059120700000000005,6.415006896551723e-06,0.059120700000000005,1.2830013793103447e-05,0.23648280000000002,0.47296560000000004,0.006415006896551724
0.02268585379310345,0.00010502708965517241,0.060495600000000004,5.251354482758621e-05,0.060495600000000004,2.6256772413793104e-05,0.060495600000000004,1.3128386206896552e-05,0.060495600000000004,6.564193103448276e-06,0.060495600000000004,1.3128386206896552e-05,0.24198240000000001,0.48396480000000003,0.006564193103448276
0.023201441379310343,0.00010741406896551724,0.0618705,5.370703448275862e-05,0.0618705,2.685351724137931e-05,0.0618705,1.3426758620689655e-05,0.0618705,6.713379310344828e-06,0.0618705,1.3426758620689655e-05,0.247482,0.494964,0.006713379310344828
0.02371702896551724,0.00010980104827586207,0.06324540000000001,5.4900524137931034e-05,0.06324540000000001,2.7450262068965517e-05,0.06324540000000001,1.3725131034482759e-05,0.06324540000000001,6.862565517241379e-06,0.06324540000000001,1.3725131034482759e-05,0.25298160000000003,0.5059632000000001,0.00686256551724138
0.024232616551724137,0.00011218802758620688,0.06462029999999999,5.609401379310344e-05,0.06462029999999999,2.804700689655172e-05,0.06462029999999999,1.402350344827586e-05,0.06462029999999999,7.01175172413793e-06,0.06462029999999999,1.402350344827586e-05,0.25848119999999997,0.5169623999999999,0.007011751724137931
0.024748204137931034,0.00011457500689655171,0.0659952,5.7287503448275855e-05,0.0659952,2.8643751724137927e-05,0.0659952,1.4321875862068964e-05,0.0659952,7.160937931034482e-06,0.0659952,1.4321875862068964e-05,0.2639808,0.5279616,0.007160937931034483
0.02526379172413793,0.00011696198620689655,0.0673701,5.8480993103448275e-05,0.0673701,2.9240496551724137e-05,0.0673701,1.4620248275862069e-05,0.0673701,7.310124137931034e-06,0.0673701,1.4620248275862069e-05,0.2694804,0.5389608,0.007310124137931035
0.025779379310344824,0.00011934896551724136,0.068745,5.967448275862068e-05,0.068745,2.983724137931034e-05,0.068745,1.491862068965517e-05,0.068745,7.459310344827585e-06,0.068745,1.491862068965517e-05,0.27498,0.54996,0.007459310344827587
0.026294966896551725,0.0001217359448275862,0.0701199,6.08679724137931e-05,0.0701199,3.043398620689655e-05,0.0701199,1.5216993103448275e-05,0.0701199,7.608496551724138e-06,0.0701199,1.5216993103448275e-05,0.2804796,0.5609592,0.007608496551724138
0.026810554482758618,0.00012412292413793103,0.0714948,6.206146206896552e-05,0.0714948,3.103073103448276e-05,0.0714948,1.551536551724138e-05,0.0714948,7.75768275862069e-06,0.0714948,1.551536551724138e-05,0.2859792,0.5719584,0.00775768275862069
0.027326142068965515,0.00012650990344827584,0.0728697,6.325495172413792e-05,0.0728697,3.162747586206896e-05,0.0728697,1.581373793103448e-05,0.0728697,7.90686896551724e-06,0.0728697,1.581373793103448e-05,0.2914788,0.5829576,0.007906868965517242
0.027841729655172412,0.00012889688275862066,0.07424460000000001,6.444844137931033e-05,0.07424460000000001,3.2224220689655164e-05,0.07424460000000001,1.6112110344827582e-05,0.07424460000000001,8.056055172413791e-06,0.07424460000000001,1.6112110344827582e-05,0.29697840000000003,0.5939568000000001,0.008056055172413795
0.02835731724137931,0.0001312838620689655,0.07561949999999999,6.564193103448275e-05,0.07561949999999999,3.2820965517241375e-05,0.07561949999999999,1.6410482758620687e-05,0.07561949999999999,8.205241379310344e-06,0.07561949999999999,1.6410482758620687e-05,0.30247799999999997,0.6049559999999999,0.008205241379310346
0.02887290482758621,0.00013367084137931034,0.0769944,6.683542068965517e-05,0.0769944,3.3417710344827585e-05,0.0769944,1.6708855172413792e-05,0.0769944,8.354427586206896e-06,0.0769944,1.6708855172413792e-05,0.3079776,0.6159552,0.008354427586206897
0.029388492413793103,0.00013605782068965515,0.0783693,6.802891034482758e-05,0.0783693,3.401445517241379e-05,0.0783693,1.7007227586206894e-05,0.0783693,8.503613793103447e-06,0.0783693,1.7007227586206894e-05,0.3134772,0.6269544,0.00850361379310345
0.02990408,0.0001384448,0.0797442,6.92224e-05,0.0797442,3.46112e-05,0.0797442,1.73056e-05,0.0797442,8.6528e-06,0.0797442,1.73056e-05,0.3189768,0.6379536,0.0086528
0.030419667586206893,0.0001408317793103448,0.0811191,7.04158896551724e-05,0.0811191,3.52079448275862e-05,0.0811191,1.76039724137931e-05,0.0811191,8.80198620689655e-06,0.0811191,1.76039724137931e-05,0.3244764,0.6489528,0.008801986206896551
0.030935255172413793,0.00014321875862068965,0.08249400000000001,7.160937931034482e-05,0.08249400000000001,3.580468965517241e-05,0.08249400000000001,1.7902344827586206e-05,0.08249400000000001,8.951172413793103e-06,0.08249400000000001,1.7902344827586206e-05,0.32997600000000005,0.6599520000000001,0.008951172413793104
0.03145084275862069,0.00014560573793103446,0.0838689,7.280286896551723e-05,0.0838689,3.6401434482758615e-05,0.0838689,1.8200717241379308e-05,0.0838689,9.100358620689654e-06,0.0838689,1.8200717241379308e-05,0.3354756,0.6709512,0.009100358620689655
0.03196643034482758,0.0001479927172413793,0.08524380000000001,7.399635862068965e-05,0.08524380000000001,3.6998179310344825e-05,0.08524380000000001,1.8499089655172413e-05,0.08524380000000001,9.249544827586206e-06,0.08524380000000001,1.8499089655172413e-05,0.34097520000000003,0.6819504000000001,0.009249544827586208
0.03248201793103448,0.00015037969655172411,0.08661869999999999,7.518984827586206e-05,0.08661869999999999,3.759492413793103e-05,0.08661869999999999,1.8797462068965514e-05,0.08661869999999999,9.398731034482757e-06,0.08661869999999999,1.8797462068965514e-05,0.34647479999999997,0.6929495999999999,0.009398731034482759
0.03299760551724138,0.00015276667586206895,0.0879936,7.638333793103448e-05,0.0879936,3.819166896551724e-05,0.0879936,1.909583448275862e-05,0.0879936,9.54791724137931e-06,0.0879936,1.909583448275862e-05,0.3519744,0.7039488,0.00954791724137931
0.033513193103448274,0.0001551536551724138,0.0893685,7.75768275862069e-05,0.0893685,3.878841379310345e-05,0.0893685,1.9394206896551724e-05,0.0893685,9.697103448275862e-06,0.0893685,1.9394206896551724e-05,0.357474,0.714948,0.009697103448275863
0.034028780689655175,0.0001575406344827586,0.0907434,7.87703172413793e-05,0.0907434,3.938515862068965e-05,0.0907434,1.9692579310344826e-05,0.0907434,9.846289655172413e-06,0.0907434,1.9692579310344826e-05,0.3629736,0.7259472,0.009846289655172414
0.03454436827586207,0.00015992761379310345,0.0921183,7.996380689655172e-05,0.0921183,3.998190344827586e-05,0.0921183,1.999095172413793e-05,0.0921183,9.995475862068966e-06,0.0921183,1.999095172413793e-05,0.3684732,0.7369464,0.009995475862068965
0.03505995586206896,0.00016231459310344826,0.0934932,8.115729655172413e-05,0.0934932,4.0578648275862066e-05,0.0934932,2.0289324137931033e-05,0.0934932,1.0144662068965516e-05,0.0934932,2.0289324137931033e-05,0.3739728,0.7479456,0.010144662068965518
0.03557554344827586,0.0001647015724137931,0.0948681,8.235078620689655e-05,0.0948681,4.1175393103448276e-05,0.0948681,2.0587696551724138e-05,0.0948681,1.0293848275862069e-05,0.0948681,2.0587696551724138e-05,0.3794724,0.7589448,0.01029384827586207
0.036091131034482755,0.00016708855172413792,0.09624300000000001,8.354427586206896e-05,0.09624300000000001,4.177213793103448e-05,0.09624300000000001,2.088606896551724e-05,0.09624300000000001,1.044303448275862e-05,0.09624300000000001,2.088606896551724e-05,0.38497200000000004,0.7699440000000001,0.010443034482758622
0.036606718620689656,0.00016947553103448276,0.0976179,8.473776551724138e-05,0.0976179,4.236888275862069e-05,0.0976179,2.1184441379310345e-05,0.0976179,1.0592220689655172e-05,0.0976179,2.1184441379310345e-05,0.3904716,0.7809432,0.010592220689655173
0.03712230620689655,0.00017186251034482757,0.0989928,8.593125517241379e-05,0.0989928,4.296562758620689e-05,0.0989928,2.1482813793103446e-05,0.0989928,1.0741406896551723e-05,0.0989928,2.1482813793103446e-05,0.3959712,0.7919424,0.010741406896551725
0.03763789379310345,0.0001742494896551724,0.1003677,8.71247448275862e-05,0.1003677,4.35623724137931e-05,0.1003677,2.178118620689655e-05,0.1003677,1.0890593103448276e-05,0.1003677,2.178118620689655e-05,0.4014708,0.8029416,0.010890593103448276
0.03815348137931034,0.00017663646896551722,0.1017426,8.831823448275861e-05,0.1017426,4.4159117241379306e-05,0.1017426,2.2079558620689653e-05,0.1017426,1.1039779310344827e-05,0.1017426,2.2079558620689653e-05,0.4069704,0.8139408,0.011039779310344828
0.038669068965517236,0.00017902344827586204,0.1031175,8.951172413793102e-05,0.1031175,4.475586206896551e-05,0.1031175,2.2377931034482755e-05,0.1031175,1.1188965517241377e-05,0.1031175,2.2377931034482755e-05,0.41247,0.82494,0.01118896551724138
0.03918465655172414,0.00018141042758620688,0.10449240000000001,9.070521379310344e-05,0.10449240000000001,4.535260689655172e-05,0.10449240000000001,2.267630344827586e-05,0.10449240000000001,1.133815172413793e-05,0.10449240000000001,2.267630344827586e-05,0.41796960000000005,0.8359392000000001,0.011338151724137931
0.03970024413793103,0.0001837974068965517,0.1058673,9.189870344827585e-05,0.1058673,4.594935172413792e-05,0.1058673,2.297467586206896e-05,0.1058673,1.148733793103448e-05,0.1058673,2.297467586206896e-05,0.4234692,0.8469384,0.011487337931034484
0.04021583172413793,0.00018618438620689653,0.10724220000000001,9.309219310344827e-05,0.10724220000000001,4.654609655172413e-05,0.10724220000000001,2.3273048275862067e-05,0.10724220000000001,1.1636524137931033e-05,0.10724220000000001,2.3273048275862067e-05,0.42896880000000004,0.8579376000000001,0.011636524137931035
0.04073141931034483,0.00018857136551724135,0.1086171,9.428568275862067e-05,0.1086171,4.7142841379310337e-05,0.1086171,2.3571420689655168e-05,0.1086171,1.1785710344827584e-05,0.1086171,2.3571420689655168e-05,0.4344684,0.8689368,0.011785710344827586
0.041247006896551724,0.0001909583448275862,0.109992,9.54791724137931e-05,0.109992,4.773958620689655e-05,0.109992,2.3869793103448273e-05,0.109992,1.1934896551724137e-05,0.109992,2.3869793103448273e-05,0.439968,0.879936,0.011934896551724139
0.04176259448275862,0.00019334532413793103,0.1113669,9.667266206896551e-05,0.1113669,4.833633103448276e-05,0.1113669,2.416816551724138e-05,0.1113669,1.208408275862069e-05,0.1113669,2.416816551724138e-05,0.4454676,0.8909352,0.01208408275862069
0.04227818206896552,0.00019573230344827584,0.1127418,9.786615172413792e-05,0.1127418,4.893307586206896e-05,0.1127418,2.446653793103448e-05,0.1127418,1.223326896551724e-05,0.1127418,2.446653793103448e-05,0.4509672,0.9019344,0.012233268965517241
0.04279376965517241,0.00019811928275862068,0.1141167,9.905964137931034e-05,0.1141167,4.952982068965517e-05,0.1141167,2.4764910344827585e-05,0.1141167,1.2382455172413793e-05,0.1141167,2.4764910344827585e-05,0.4564668,0.9129336,0.012382455172413794
0.043309357241379305,0.0002005062620689655,0.1154916,0.00010025313103448275,0.1154916,5.0126565517241374e-05,0.1154916,2.5063282758620687e-05,0.1154916,1.2531641379310343e-05,0.1154916,2.5063282758620687e-05,0.4619664,0.9239328,0.012531641379310347
0.043824944827586206,0.00020289324137931034,0.11686650000000001,0.00010144662068965517,0.11686650000000001,5.0723310344827584e-05,0.11686650000000001,2.5361655172413792e-05,0.11686650000000001,1.2680827586206896e-05,0.11686650000000001,2.5361655172413792e-05,0.46746600000000005,0.9349320000000001,0.012680827586206896
0.044340532413793106,0.00020528022068965515,0.11824140000000001,0.00010264011034482757,0.11824140000000001,5.132005517241379e-05,0.11824140000000001,2.5660027586206894e-05,0.11824140000000001,1.2830013793103447e-05,0.11824140000000001,2.5660027586206894e-05,0.47296560000000004,0.9459312000000001,0.012830013793103449
0.04485612,0.0002076672,0.1196163,0.0001038336,0.1196163,5.19168e-05,0.1196163,2.59584e-05,0.1196163,1.29792e-05,0.1196163,2.59584e-05,0.4784652,0.9569304,0.012979200000000001
0.0453717075862069,0.00021005417931034483,0.12099120000000001,0.00010502708965517241,0.12099120000000001,5.251354482758621e-05,0.12099120000000001,2.6256772413793104e-05,0.12099120000000001,1.3128386206896552e-05,0.12099120000000001,2.6256772413793104e-05,0.48396480000000003,0.9679296000000001,0.013128386206896553
0.04588729517241379,0.00021244115862068964,0.1223661,0.00010622057931034482,0.1223661,5.311028965517241e-05,0.1223661,2.6555144827586205e-05,0.1223661,1.3277572413793103e-05,0.1223661,2.6555144827586205e-05,0.4894644,0.9789288,0.013277572413793104
0.04640288275862069,0.00021482813793103448,0.123741,0.00010741406896551724,0.123741,5.370703448275862e-05,0.123741,2.685351724137931e-05,0.123741,1.3426758620689655e-05,0.123741,2.685351724137931e-05,0.494964,0.989928,0.013426758620689656
0.04691847034482758,0.0002172151172413793,0.1251159,0.00010860755862068965,0.1251159,5.4303779310344824e-05,0.1251159,2.7151889655172412e-05,0.1251159,1.3575944827586206e-05,0.1251159,2.7151889655172412e-05,0.5004636,1.0009272,0.013575944827586207
0.04743405793103448,0.00021960209655172414,0.12649080000000001,0.00010980104827586207,0.12649080000000001,5.4900524137931034e-05,0.12649080000000001,2.7450262068965517e-05,0.12649080000000001,1.3725131034482759e-05,0.12649080000000001,2.7450262068965517e-05,0.5059632000000001,1.0119264000000001,0.01372513103448276
0.04794964551724138,0.00022198907586206895,0.1278657,0.00011099453793103448,0.1278657,5.549726896551724e-05,0.1278657,2.774863448275862e-05,0.1278657,1.387431724137931e-05,0.1278657,2.774863448275862e-05,0.5114628,1.0229256,0.013874317241379311
0.048465233103448274,0.00022437605517241376,0.12924059999999998,0.00011218802758620688,0.12924059999999998,5.609401379310344e-05,0.12924059999999998,2.804700689655172e-05,0.12924059999999998,1.402350344827586e-05,0.12924059999999998,2.804700689655172e-05,0.5169623999999999,1.0339247999999999,0.014023503448275862
0.048980820689655175,0.0002267630344827586,0.1306155,0.0001133815172413793,0.1306155,5.669075862068965e-05,0.1306155,2.8345379310344826e-05,0.1306155,1.4172689655172413e-05,0.1306155,2.8345379310344826e-05,0.522462,1.044924,0.014172689655172413
0.04949640827586207,0.00022915001379310342,0.1319904,0.00011457500689655171,0.1319904,5.7287503448275855e-05,0.1319904,2.8643751724137927e-05,0.1319904,1.4321875862068964e-05,0.1319904,2.8643751724137927e-05,0.5279616,1.0559232,0.014321875862068966
0.05001199586206896,0.00023153699310344823,0.1333653,0.00011576849655172412,0.1333653,5.788424827586206e-05,0.1333653,2.894212413793103e-05,0.1333653,1.4471062068965515e-05,0.1333653,2.894212413793103e-05,0.5334612,1.0669224,0.014471062068965517
0.05052758344827586,0.0002339239724137931,0.1347402,0.00011696198620689655,0.1347402,5.8480993103448275e-05,0.1347402,2.9240496551724137e-05,0.1347402,1.4620248275862069e-05,0.1347402,2.9240496551724137e-05,0.5389608,1.0779216,0.01462024827586207
0.051043171034482755,0.0002363109517241379,0.13611510000000002,0.00011815547586206896,0.13611510000000002,5.907773793103448e-05,0.13611510000000002,2.953886896551724e-05,0.13611510000000002,1.476943448275862e-05,0.13611510000000002,2.953886896551724e-05,0.5444604000000001,1.0889208000000001,0.014769434482758623
0.05155875862068965,0.00023869793103448273,0.13749,0.00011934896551724136,0.13749,5.967448275862068e-05,0.13749,2.983724137931034e-05,0.13749,1.491862068965517e-05,0.13749,2.983724137931034e-05,0.54996,1.09992,0.014918620689655174
能耗
6.0,0.0,0.0,0.0,0.0,0.0,0.0,0.0,0.0,0.0,0.0,0.0,0.0,0.0,33.0
12.0,0.0,0.0,0.0,0.0,0.0,0.0,0.0,0.0,0.0,0.0,0.0,0.0,0.0,66.0
18.0,0.0,0.0,0.0,0.0,0.0,0.0,0.0,0.0,0.0,0.0,0.0,0.0,0.0,99.0
24.0,0.0,0.0,0.0,0.0,0.0,0.0,0.0,0.0,0.0,0.0,0.0,0.0,0.0,132.0
30.0,0.0,0.0,0.0,0.0,0.0,0.0,0.0,0.0,0.0,0.0,0.0,0.0,0.0,165.0
37.0,0.0,0.0,0.0,0.0,0.0,0.0,0.0,0.0,0.0,0.0,0.0,0.0,0.0,198.0
43.0,0.0,0.0,0.0,0.0,0.0,0.0,0.0,0.0,0.0,0.0,0.0,0.0,0.0,231.0
49.0,0.0,0.0,0.0,0.0,0.0,0.0,0.0,0.0,0.0,0.0,0.0,0.0,0.0,264.0
55.0,0.0,0.0,0.0,0.0,0.0,0.0,0.0,0.0,0.0,0.0,0.0,0.0,0.0,297.0
61.0,0.0,0.0,0.0,0.0,0.0,0.0,0.0,0.0,0.0,0.0,0.0,0.0,0.0,330.0
68.0,0.0,0.0,0.0,0.0,0.0,0.0,0.0,0.0,0.0,0.0,0.0,0.0,0.0,363.0
74.0,0.0,0.0,0.0,0.0,0.0,0.0,0.0,0.0,0.0,0.0,0.0,0.0,0.0,396.0
80.0,0.0,0.0,0.0,0.0,0.0,0.0,0.0,0.0,0.0,0.0,0.0,0.0,0.0,429.0
86.0,0.0,0.0,0.0,0.0,0.0,0.0,0.0,0.0,0.0,0.0,0.0,0.0,0.0,462.0
92.0,0.0,0.0,0.0,0.0,0.0,0.0,0.0,0.0,0.0,0.0,0.0,0.0,0.0,495.0
99.0,0.0,0.0,0.0,0.0,0.0,0.0,0.0,0.0,0.0,0.0,0.0,0.0,0.0,528.0
105.0,0.0,0.0,0.0,0.0,0.0,0.0,0.0,0.0,0.0,0.0,0.0,0.0,0.0,561.0
111.0,0.0,0.0,0.0,0.0,0.0,0.0,0.0,0.0,0.0,0.0,0.0,0.0,0.0,594.0
117.0,0.0,0.0,0.0,0.0,0.0,0.0,0.0,0.0,0.0,0.0,0.0,0.0,0.0,627.0
123.0,0.0,0.0,0.0,0.0,0.0,0.0,0.0,0.0,0.0,0.0,0.0,0.0,0.0,660.0
129.0,0.0,0.0,0.0,0.0,0.0,0.0,0.0,0.0,0.0,0.0,0.0,0.0,0.0,693.0
136.0,0.0,0.0,0.0,0.0,0.0,0.0,0.0,0.0,0.0,0.0,0.0,0.0,0.0,726.0
142.0,0.0,0.0,0.0,0.0,0.0,0.0,0.0,0.0,0.0,0.0,0.0,0.0,0.0,759.0
148.0,0.0,0.0,0.0,0.0,0.0,0.0,0.0,0.0,0.0,0.0,0.0,0.0,0.0,792.0
154.0,0.0,0.0,0.0,0.0,0.0,0.0,0.0,0.0,0.0,0.0,0.0,0.0,0.0,825.0
160.0,0.0,0.0,0.0,0.0,0.0,0.0,0.0,0.0,0.0,0.0,0.0,0.0,0.0,858.0
167.0,0.0,0.0,0.0,0.0,0.0,0.0,0.0,0.0,0.0,0.0,0.0,0.0,0.0,891.0
173.0,0.0,0.0,0.0,0.0,0.0,0.0,0.0,0.0,0.0,0.0,0.0,0.0,0.0,924.0
179.0,0.0,0.0,0.0,0.0,0.0,0.0,0.0,0.0,0.0,0.0,0.0,0.0,0.0,957.0
185.0,0.0,0.0,0.0,0.0,0.0,0.0,0.0,0.0,0.0,0.0,0.0,0.0,0.0,990.0
191.0,0.0,0.0,0.0,0.0,0.0,0.0,0.0,0.0,0.0,0.0,0.0,0.0,0.0,1023.0
198.0,0.0,0.0,0.0,0.0,0.0,0.0,0.0,0.0,0.0,0.0,0.0,0.0,0.0,1056.0
204.0,0.0,0.0,0.0,0.0,0.0,0.0,0.0,0.0,0.0,0.0,0.0,0.0,0.0,1089.0
210.0,0.0,0.0,0.0,0.0,0.0,0.0,0.0,0.0,0.0,0.0,0.0,0.0,0.0,1122.0
216.0,0.0,0.0,0.0,0.0,0.0,0.0,0.0,0.0,0.0,0.0,0.0,0.0,0.0,1155.0
222.0,0.0,0.0,0.0,0.0,0.0,0.0,0.0,0.0,0.0,0.0,0.0,0.0,0.0,1188.0
228.0,0.0,0.0,0.0,0.0,0.0,0.0,0.0,0.0,0.0,0.0,0.0,0.0,0.0,1221.0
235.0,0.0,0.0,0.0,0.0,0.0,0.0,0.0,0.0,0.0,0.0,0.0,0.0,0.0,1254.0
241.0,0.0,0.0,0.0,0.0,0.0,0.0,0.0,0.0,0.0,0.0,0.0,0.0,0.0,1287.0
247.0,0.0,0.0,0.0,0.0,0.0,0.0,0.0,0.0,0.0,0.0,0.0,0.0,0.0,1320.0
253.0,0.0,0.0,0.0,0.0,0.0,0.0,0.0,0.0,0.0,0.0,0.0,0.0,0.0,1353.0
259.0,0.0,0.0,0.0,0.0,0.0,0.0,0.0,0.0,0.0,0.0,0.0,0.0,0.0,1386.0
266.0,0.0,0.0,0.0,0.0,0.0,0.0,0.0,0.0,0.0,0.0,0.0,0.0,0.0,1419.0
272.0,0.0,0.0,0.0,0.0,0.0,0.0,0.0,0.0,0.0,0.0,0.0,0.0,0.0,1452.0
278.0,0.0,0.0,0.0,0.0,0.0,0.0,0.0,0.0,0.0,0.0,0.0,0.0,0.0,1485.0
284.0,0.0,0.0,0.0,0.0,0.0,0.0,0.0,0.0,0.0,0.0,0.0,0.0,0.0,1518.0
290.0,0.0,0.0,0.0,0.0,0.0,0.0,0.0,0.0,0.0,0.0,0.0,0.0,0.0,1551.0
297.0,0.0,0.0,0.0,0.0,0.0,0.0,0.0,0.0,0.0,0.0,0.0,0.0,0.0,1584.0
303.0,0.0,0.0,0.0,0.0,0.0,0.0,0.0,0.0,0.0,0.0,0.0,0.0,0.0,1617.0
309.0,0.0,0.0,0.0,0.0,0.0,0.0,0.0,0.0,0.0,0.0,0.0,0.0,0.0,1650.0
315.0,0.0,0.0,0.0,0.0,0.0,0.0,0.0,0.0,0.0,0.0,0.0,0.0,0.0,1683.0
321.0,0.0,0.0,0.0,0.0,0.0,0.0,0.0,0.0,0.0,0.0,0.0,0.0,0.0,1716.0
328.0,0.0,0.0,0.0,0.0,0.0,0.0,0.0,0.0,0.0,0.0,0.0,0.0,0.0,1749.0
334.0,0.0,0.0,0.0,0.0,0.0,0.0,0.0,0.0,0.0,0.0,0.0,0.0,0.0,1782.0
340.0,0.0,0.0,0.0,0.0,0.0,0.0,0.0,0.0,0.0,0.0,0.0,0.0,0.0,1815.0
346.0,0.0,0.0,0.0,0.0,0.0,0.0,0.0,0.0,0.0,0.0,0.0,0.0,0.0,1848.0
352.0,0.0,0.0,0.0,0.0,0.0,0.0,0.0,0.0,0.0,0.0,0.0,0.0,0.0,1881.0
358.0,0.0,0.0,0.0,0.0,0.0,0.0,0.0,0.0,0.0,0.0,0.0,0.0,0.0,1914.0
365.0,0.0,0.0,0.0,0.0,0.0,0.0,0.0,0.0,0.0,0.0,0.0,0.0,0.0,1947.0
371.0,0.0,0.0,0.0,0.0,0.0,0.0,0.0,0.0,0.0,0.0,0.0,0.0,0.0,1980.0
377.0,0.0,0.0,0.0,0.0,0.0,0.0,0.0,0.0,0.0,0.0,0.0,0.0,0.0,2013.0
383.0,0.0,0.0,0.0,0.0,0.0,0.0,0.0,0.0,0.0,0.0,0.0,0.0,0.0,2046.0
389.0,0.0,0.0,0.0,0.0,0.0,0.0,0.0,0.0,0.0,0.0,0.0,0.0,0.0,2079.0
396.0,0.0,0.0,0.0,0.0,0.0,0.0,0.0,0.0,0.0,0.0,0.0,0.0,0.0,2112.0
402.0,0.0,0.0,0.0,0.0,0.0,0.0,0.0,0.0,0.0,0.0,0.0,0.0,0.0,2145.0
408.0,0.0,0.0,0.0,0.0,0.0,0.0,0.0,0.0,0.0,0.0,0.0,0.0,0.0,2178.0
414.0,0.0,0.0,0.0,0.0,0.0,0.0,0.0,0.0,0.0,0.0,0.0,0.0,0.0,2211.0
420.0,0.0,0.0,0.0,0.0,0.0,0.0,0.0,0.0,0.0,0.0,0.0,0.0,0.0,2244.0
427.0,0.0,0.0,0.0,0.0,0.0,0.0,0.0,0.0,0.0,0.0,0.0,0.0,0.0,2277.0
433.0,0.0,0.0,0.0,0.0,0.0,0.0,0.0,0.0,0.0,0.0,0.0,0.0,0.0,2310.0
439.0,0.0,0.0,0.0,0.0,0.0,0.0,0.0,0.0,0.0,0.0,0.0,0.0,0.0,2343.0
445.0,0.0,0.0,0.0,0.0,0.0,0.0,0.0,0.0,0.0,0.0,0.0,0.0,0.0,2376.0
451.0,0.0,0.0,0.0,0.0,0.0,0.0,0.0,0.0,0.0,0.0,0.0,0.0,0.0,2409.0
457.0,0.0,0.0,0.0,0.0,0.0,0.0,0.0,0.0,0.0,0.0,0.0,0.0,0.0,2442.0
464.0,0.0,0.0,0.0,0.0,0.0,0.0,0.0,0.0,0.0,0.0,0.0,0.0,0.0,2475.0
470.0,0.0,0.0,0.0,0.0,0.0,0.0,0.0,0.0,0.0,0.0,0.0,0.0,0.0,2508.0
476.0,0.0,0.0,0.0,0.0,0.0,0.0,0.0,0.0,0.0,0.0,0.0,0.0,0.0,2541.0
482.0,0.0,0.0,0.0,0.0,0.0,0.0,0.0,0.0,0.0,0.0,0.0,0.0,0.0,2574.0
488.0,0.0,0.0,0.0,0.0,0.0,0.0,0.0,0.0,0.0,0.0,0.0,0.0,0.0,2607.0
495.0,0.0,0.0,0.0,0.0,0.0,0.0,0.0,0.0,0.0,0.0,0.0,0.0,0.0,2640.0
501.0,0.0,0.0,0.0,0.0,0.0,0.0,0.0,0.0,0.0,0.0,0.0,0.0,0.0,2673.0
507.0,0.0,0.0,0.0,0.0,0.0,0.0,0.0,0.0,0.0,0.0,0.0,0.0,0.0,2706.0
513.0,0.0,0.0,0.0,0.0,0.0,0.0,0.0,0.0,0.0,0.0,0.0,0.0,0.0,2739.0
519.0,0.0,0.0,0.0,0.0,0.0,0.0,0.0,0.0,0.0,0.0,0.0,0.0,0.0,2772.0
526.0,0.0,0.0,0.0,0.0,0.0,0.0,0.0,0.0,0.0,0.0,0.0,0.0,0.0,2805.0
532.0,0.0,0.0,0.0,0.0,0.0,0.0,0.0,0.0,0.0,0.0,0.0,0.0,0.0,2838.0
538.0,0.0,0.0,0.0,0.0,0.0,0.0,0.0,0.0,0.0,0.0,0.0,0.0,0.0,2871.0
544.0,0.0,0.0,0.0,0.0,0.0,0.0,0.0,0.0,0.0,0.0,0.0,0.0,0.0,2904.0
550.0,0.0,0.0,0.0,0.0,0.0,0.0,0.0,0.0,0.0,0.0,0.0,0.0,0.0,2937.0
557.0,0.0,0.0,0.0,0.0,0.0,0.0,0.0,0.0,0.0,0.0,0.0,0.0,0.0,2970.0
563.0,0.0,0.0,0.0,0.0,0.0,0.0,0.0,0.0,0.0,0.0,0.0,0.0,0.0,3003.0
569.0,0.0,0.0,0.0,0.0,0.0,0.0,0.0,0.0,0.0,0.0,0.0,0.0,0.0,3036.0
575.0,0.0,0.0,0.0,0.0,0.0,0.0,0.0,0.0,0.0,0.0,0.0,0.0,0.0,3069.0
581.0,0.0,0.0,0.0,0.0,0.0,0.0,0.0,0.0,0.0,0.0,0.0,0.0,0.0,3102.0
587.0,0.0,0.0,0.0,0.0,0.0,0.0,0.0,0.0,0.0,0.0,0.0,0.0,0.0,3135.0
594.0,0.0,0.0,0.0,0.0,0.0,0.0,0.0,0.0,0.0,0.0,0.0,0.0,0.0,3168.0
600.0,0.0,0.0,0.0,0.0,0.0,0.0,0.0,0.0,0.0,0.0,0.0,0.0,0.0,3201.0
606.0,0.0,0.0,0.0,0.0,0.0,0.0,0.0,0.0,0.0,0.0,0.0,0.0,0.0,3234.0
612.0,0.0,0.0,0.0,0.0,0.0,0.0,0.0,0.0,0.0,0.0,0.0,0.0,0.0,3267.0
618.0,0.0,0.0,0.0,0.0,0.0,0.0,0.0,0.0,0.0,0.0,0.0,0.0,0.0,3300.0
